CP_Survey_ID,Lie_stan_abs_nomedia,Lie_stan_abs_media,Lie_stan_rel_nomedia,Lie_stan_rel_media,Lie_stan_open,Lie_pers_belief,Lie_pers_belief_open,Lie_pers_behav,Lie_pers_behav_open,Lie_pub_trust,Lie_pub_trust_open,lying_stance,surveychange_20210721_personalsecond,StartDate,EndDate,Finished,Weight_1,Weight_2,Gov_type,State_code,State_abb,Party,Party_indep,Education,Gender,College_prop_binned,Population_binned,Urban_prop_binned,Voteshare_pres_2020_binned
CP_17294237,Would completely trust me,Would not trust me at all,Would not trust me at all,Would not trust me at all,"Media, many times get things incorrect attempting to make a big splash.",Lying is never okay.,"Is lying, not filling in all the blanks?",I rarely lie.,"Never w/ respect to govt, sometimes kidding w/ my friends",Lying is never okay.,"If U lie, then U have to remember the lie which may lead to more lies",relative_first,NA,7/21/21 7:22,7/21/21 7:43,1,0.44023093,0.498267018,municipality,36,NY,Other party (please specify):,NA,Some graduate school,Male,0.27 to 1.0,2422 to 8774,"[0.96,]",0.37 to 1.0
CP_11858473,Would somewhat trust me,Would not trust me at all,Would not trust me at all,Would not trust me at all,I don't think I would ever knowingly lie in the course of my duties as an elected official. Instead I would decline to comment or not fully answer a question if legal or ethical constraints prevent an answer. But I also can't imagine a real-world scenario where I'd need to make a public statement about whether or not lying is OK.  ,Lying is rarely okay.,Rare exceptions when lying is necessary to protect people or property from imminent harm,I rarely lie.,same exceptions as prior,Lying is rarely okay.,NA,relative_first,NA,7/22/21 7:01,7/22/21 7:14,1,0.44023093,0.498267018,township,25,MA,Democrat,NA,Graduate degree,Male,0.27 to 1.0,8774+,"[0.96,]",0.37 to 1.0
CP_11401092,Would somewhat trust me,Would not trust me at all,Would not trust me at all,Would not trust me at all,"People also lie about politicians lying, trying to discredit them and CAUSE the public to lose trust in them. It should be a personal policy to tell the truth and time will show if the politician is genuine. ",Lying is never okay.,"Lying confuses the public and casts doubt on everything a public official, or a representative government does. It makes people doubt representatives intentions, motivations and ethics. ",I never lie.,"This has to be a personal standard. That standard has to apply to an elected official's shortcomings too. If the representative doesn't know something (no one knows everything) the proper response is to say ""I don't know, but I will find out and get back to you."" Then follow through. Admit mistakes and take the heat if necessary. ",Lying is never okay.,Lying breaks down trust. It really is as simple as that. ,relative_first,NA,7/22/21 7:09,7/22/21 7:37,1,0.44023093,0.498267018,municipality,55,WI,Democrat,NA,College graduate,Female,0.27 to 1.0,8774+,"[0.96,]",0.37 to 1.0
CP_11171204,Would only trust me a little,Would not trust me at all,Would only trust me a little,Would only trust me a little,none,Lying is never okay.,Lies have a way of coming back to bite you.,I rarely lie.,I may fib to keep from hurting someone close to me.,Lying is never okay.,Lie once and you often have to lie more to cover up the first lie.,absolute_first,NA,7/22/21 7:25,7/22/21 7:39,1,0.968109313,1.243293143,township,55,WI,Republican,NA,College graduate,Male,0.17 to 0.27,0 to 2422,"[,0.12]",0.37 to 1.0
CP_11867117,Would somewhat trust me,Would not trust me at all,Would not trust me at all,Would not trust me at all,NA,Lying is rarely okay.,"""Honey, I love my new hairdo.  What do you think?""",I rarely lie.,I've invited aunt Karen to join us for dinner tomorrow night.  Isn't that great?,Lying is never okay.,Never okay for an elected representative.  Occasionally okay to be kinder in some personal situations.  E.g. letting your toddler believe in Santa.,relative_first,1,7/22/21 16:14,7/22/21 16:34,1,0.44023093,0.498267018,municipality,41,OR,Democrat,NA,College graduate,Male,0.27 to 1.0,8774+,"[0.96,]",0.37 to 1.0
CP_15421110,Would completely trust me,Would somewhat trust me,Would only trust me a little,Would only trust me a little,NA,Lying is rarely okay.,"Sometimes you cannot fully divulge details of certain situations.  Thus, lies of omission can be necessary.",I rarely lie.,See previous answer regarding the necessity of lies of omission.,Lying is rarely okay.,See previous answers.  Nothing changes.,absolute_first,1,7/23/21 5:46,7/23/21 6:12,1,0.968109313,1.243293143,municipality,55,WI,Republican,NA,College graduate,Male,0.27 to 1.0,2422 to 8774,"[,0.12]",0.37 to 1.0
CP_11807305,Would mostly trust me,Would not trust me at all,Would not trust me at all,Would not trust me at all,We are in changing times.  Politicians have always carried a cloud of mistrust but I think the media is begining to carry the same cloud.,Lying is rarely okay.,"Sometimes it is hard to reveal all aspects of a situation as it develops, it could cause great harm.  I see omission of some of the facts as a form of lying that might sometimes be necessary.",I sometimes lie.,I think all of us lie sometimes mainly due to a lack of information.,Lying is never okay.,"Probably not attainable, but a good goal.",relative_first,1,7/23/21 6:47,7/23/21 7:01,1,0.618021566,0.631031806,county,48,TX,Republican,NA,Graduate degree,Male,0.17 to 0.27,8774+,"[0.12,0.96]",0.24 to 0.37
CP_13580279,Would not trust me at all,Would only trust me a little,Would not trust me at all,Would not trust me at all,NA,Lying is never okay.,NA,I rarely lie.,NA,Lying is never okay.,NA,absolute_first,1,7/23/21 8:08,7/23/21 8:20,1,0.968109313,1.243293143,municipality,51,VA,Republican,NA,College graduate,Male,0.17 to 0.27,0 to 2422,"[,0.12]",0.37 to 1.0
CP_13969166,Would mostly trust me,Would only trust me a little,Would not trust me at all,Would not trust me at all,NA,Lying is sometimes okay.,NA,I rarely lie.,NA,Lying is never okay.,NA,relative_first,1,7/23/21 8:50,7/23/21 8:53,1,0.44023093,0.498267018,municipality,37,NC,Democrat,NA,Graduate degree,Male,0.27 to 1.0,8774+,"[0.96,]",0.37 to 1.0
CP_13729841,Would mostly trust me,Would mostly trust me,Would not trust me at all,Would not trust me at all,NA,Lying is rarely okay.,I believe it is only okay to lie when it is a matter of someone's safety,I rarely lie.,I try to always be honest,Lying is never okay.,"Citizens should always know what their government is up to. Some matters may have to be kept confidential, but lying should never be an avenue.",relative_first,1,7/23/21 9:45,7/23/21 9:58,1,1.868722156,1.243376225,municipality,37,NC,Democrat,NA,College graduate,Female,0.17 to 0.27,2422 to 8774,"[0.96,]",0.24 to 0.37
CP_13907891,Would mostly trust me,Would only trust me a little,Would somewhat trust me,Would only trust me a little,NA,Lying is rarely okay.,NA,I rarely lie.,NA,Lying is rarely okay.,NA,absolute_first,1,7/23/21 12:22,7/23/21 12:26,1,0.44023093,0.498267018,municipality,25,MA,Democrat,NA,Graduate degree,NA,0.27 to 1.0,8774+,"[0.96,]",0.37 to 1.0
CP_13368916,Would mostly trust me,Would not trust me at all,Would not trust me at all,Would not trust me at all,NA,Lying is rarely okay.,"Thinking of the ""little white lie"" where you may tell a friend that you like his new shirt, when you actually think it's hideous.",I rarely lie.,"See my previous response about the ""little white lie.""",Lying is never okay.,"In this day and age, particularly, constituents must believe you are dedicated to honesty.  I think most people already understand about the ""little white lie.""",relative_first,1,7/23/21 12:45,7/23/21 12:59,1,0.742401966,0.585499276,municipality,41,OR,Republican,NA,Graduate degree,Male,0.17 to 0.27,8774+,"[0.96,]",0.24 to 0.37
CP_13652808,Would mostly trust me,Would somewhat trust me,Would somewhat trust me,Would only trust me a little,Being asked to comment on lying would be in itself an indicator of some level of mistrust.,Lying is never okay.,We are all human and fall short at times but a public official should seek to never be dishonest even in small details.,I rarely lie.,I seek to never be purposely dishonest.,Lying is never okay.,Both the fact of dishonesty and the harm to one's credibility if it comes to light are not worth the risk or the ethical failing.,absolute_first,1,7/23/21 13:44,7/23/21 13:57,1,0.44023093,0.498267018,municipality,40,OK,Other party (please specify):,NA,Some college,NA,0.17 to 0.27,8774+,"[0.96,]",0.37 to 1.0
CP_13457717,Would mostly trust me,Would not trust me at all,Would not trust me at all,Would not trust me at all,"Lying is never right.  Everyone lies, some even believe their own lies.  Too many politicians believe their own lies.  Omission is probably my biggest ""sin"" of lying.",Lying is never okay.,"My parents instilled frank honesty in me, and they lived what they preached.  It's better to say nothing than to lie to spare someone's feelings; I always want to hear the truth, even when the truth is painful.  Some folks don't want the truth; with them, it's easy to omit parts of the truth.  But, when i realize someone is withholding truth from me, I am offended because a half-truth is a whole lie.",I rarely lie.,"I want the truth so that's what i present to others.  Sometimes people assume or presume from a statement more (sometimes less) of what is actually said.  When I realize that, i don't always correct them, and that omission is not the whole truth.",Lying is never okay.,Taking a stance for telling the truth is easier than quantifying when rarely it would be okay to lie.,relative_first,1,7/23/21 10:42,7/23/21 16:48,1,1.698770187,2.262054493,county,12,FL,Republican,NA,Some college,Female,0 to 0.17,8774+,"[0.12,0.96]",0.24 to 0.37
CP_13207863,Would somewhat trust me,Would mostly trust me,Would not trust me at all,Would not trust me at all,NA,Lying is never okay.,No explanation necessary - lying in NEVER ok,I sometimes lie.,When I think it is in the best interest but really try not to,Lying is never okay.,People need to be able to trust an official,relative_first,1,7/24/21 9:14,7/24/21 9:22,1,4.109496168,3.102515478,township,42,PA,Republican,NA,College graduate,Male,0 to 0.17,2422 to 8774,"[0.12,0.96]",0 to 0.24
CP_13583421,Would mostly trust me,Would somewhat trust me,Would somewhat trust me,Would somewhat trust me,NA,Lying is rarely okay.,NA,I rarely lie.,NA,Lying is rarely okay.,NA,absolute_first,1,7/24/21 15:07,7/24/21 15:13,1,1.868722156,1.243376225,municipality,4,AZ,Independent,Neither,Graduate degree,Male,0 to 0.17,8774+,"[0.96,]",0 to 0.24
CP_13340771,Would somewhat trust me,Would not trust me at all,Would only trust me a little,Would only trust me a little,NA,Lying is sometimes okay.,"From experience, the same constituents that decry lying by elected officials often lie themselves to the very elected officials who represent them.",I sometimes lie.,"It is a sad necessity, but sometimes a lie is required.  Town issues are complex - a lie is often easier then a long explanation the citizen may not understand.  ",Lying is rarely okay.,Lying should not be ok under most circumstances.  I represent the people.  They need to trust me.  ,relative_first,1,7/24/21 15:45,7/24/21 15:54,1,0.44023093,0.498267018,township,36,NY,Democrat,NA,Graduate degree,Male,0.27 to 1.0,8774+,"[0.96,]",0.37 to 1.0
CP_11718521,Would mostly trust me,Would not trust me at all,Would not trust me at all,Would not trust me at all,NA,Lying is rarely okay.,I feel that lying to preserve someone's feelings or not to betray a confidence would be acceptable. ,I rarely lie.,NA,Lying is never okay.,NA,absolute_first,1,7/25/21 11:30,7/25/21 11:37,1,0.742401966,0.585499276,municipality,55,WI,Independent,Democratic Party,Graduate degree,Male,0.27 to 1.0,8774+,"[0.96,]",0.24 to 0.37
CP_17721696,Would mostly trust me,Would not trust me at all,Would not trust me at all,Would not trust me at all,NA,Lying is never okay.,NA,I never lie.,NA,Lying is never okay.,NA,relative_first,1,7/25/21 14:49,7/25/21 14:53,1,0.44023093,0.498267018,municipality,37,NC,Democrat,NA,Graduate degree,Male,0.27 to 1.0,8774+,"[0.96,]",0.37 to 1.0
CP_11939970,Would mostly trust me,Would mostly trust me,Would mostly trust me,Would mostly trust me,Different levels of government have very different justification for honesty.,Lying is rarely okay.,Your reputation is your most valuable asset.,I rarely lie.,The only reason I might lie would be during an investigation to uncover vital evidence.,Lying is rarely okay.,Lying is only necessary when used to expose evidence of major wrong doings.,relative_first,1,7/26/21 12:38,7/26/21 13:22,1,0.742401966,0.585499276,municipality,37,NC,Republican,NA,Graduate degree,NA,0.27 to 1.0,2422 to 8774,"[0.12,0.96]",0.24 to 0.37
CP_11081489,Would mostly trust me,Would not trust me at all,Would only trust me a little,Would only trust me a little,"Frankly, I think it is wrong for politicians to lie. Sometimes it may be necessary to omit facts, or decline to answer a question, but that is not lying. To me, lying is a total betrayal of the public trust.",Lying is never okay.,"As I said in my previous comments, lying is not okay. Sometimes one may omit facts or decline to answer a question, but in the context of public service, lying is wrong.",I rarely lie.,"In my personal life, I have certainly been less than honest - like for a surprise party, or to keep from hurting someone's feelings.",Lying is never okay.,Just what I said earlier.,absolute_first,1,7/26/21 13:08,7/26/21 13:25,1,1.108118419,1.058128318,municipality,17,IL,Democrat,NA,Graduate degree,Female,0 to 0.17,8774+,"[0.96,]",0.37 to 1.0
CP_16858518,Would only trust me a little,Would not trust me at all,Would not trust me at all,Would not trust me at all,"This brief survey appears to lack any situational context with which to derive meaningful conclusions.  Constituents that take an interest in local policy have grown increasingly pessimistic and full of conspiratorial theories, despite strategic efforts to increase transparency.  I am not aware of any local legislator who thinks that a lie is ever acceptable.  Not revealing all the facts and figures may sometimes be necessary in order to prevent the conspiracy theorists from de-railing a meaningful project.",Lying is never okay.,Liberty and justice for all requires elected officials to speak the truth to the public when it may be inconvenient.,I rarely lie.,"Both religion and psychology would suggest that each of us suffers from cognitive biases.  To presume that I never lie, even to myself, would be a lie.",Lying is never okay.,see previous,absolute_first,1,7/27/21 7:00,7/27/21 7:15,1,1.108118419,1.058128318,municipality,18,IN,Republican,NA,College graduate,Male,0.17 to 0.27,8774+,"[0.96,]",0.37 to 1.0
CP_11946038,Would mostly trust me,Would only trust me a little,Would somewhat trust me,Would only trust me a little,NA,Lying is rarely okay.,NA,I rarely lie.,NA,Lying is rarely okay.,NA,absolute_first,1,7/27/21 7:12,7/27/21 7:16,1,0.44023093,0.498267018,municipality,20,KS,Democrat,NA,Graduate degree,Male,0.27 to 1.0,8774+,"[0.96,]",0.37 to 1.0
CP_11226317,Would completely trust me,Would not trust me at all,Would not trust me at all,Would not trust me at all,NA,Lying is never okay.,Honesty is the best policy,I rarely lie.,told my grandson the candy store was closed...,Lying is never okay.,NA,relative_first,1,7/27/21 7:15,7/27/21 7:23,1,0.496638194,0.832165962,township,26,MI,Independent,Democratic Party,Some college,Female,0.27 to 1.0,0 to 2422,"[0.12,0.96]",0.37 to 1.0
CP_11432479,Would mostly trust me,Would only trust me a little,Would not trust me at all,Would not trust me at all,NA,Lying is never okay.,"Lying is not an option, in situations of confidentiality, it's best to state why you not allowed to answer.",I never lie.,Even white lies ðŸ¤£ or to spare someone's feelings does harm to your integrity.  Better to not answer if you can't be truthful.,Lying is never okay.,Trust is earned by being honest.,relative_first,1,7/27/21 7:10,7/27/21 7:31,1,1.108118419,1.058128318,township,23,ME,Independent,Democratic Party,College graduate,Male,0 to 0.17,2422 to 8774,"[0.12,0.96]",0.37 to 1.0
CP_21201416,Would somewhat trust me,Would only trust me a little,Would not trust me at all,Would not trust me at all,NA,Lying is never okay.,NA,I never lie.,NA,Lying is never okay.,NA,absolute_first,1,7/27/21 7:29,7/27/21 7:33,1,0.742401966,0.585499276,municipality,55,WI,Independent,Neither,Graduate degree,Male,0.17 to 0.27,8774+,"[0.96,]",0.24 to 0.37
CP_11453440,Would mostly trust me,Would somewhat trust me,Would only trust me a little,Would only trust me a little,"Integrity, service before self, the pursuit of excellence, and fiscal responsibility are cornerstones of good governance. It is never ok to misrepresent or skew the facts. Many times it's not what you tell me, it's what you don't tell me that's important, the issues many times are around full transparency.",Lying is never okay.,"Transparency is full disclosure, it's not what you tell me, it's what you don't tell me!",I never lie.,It's about integrity and transparency. I am not smart enough to spin tales.,Lying is never okay.,Transparency and the pursuit of excellence. Sometimes the information and facts are dynamic eg Covid.,absolute_first,1,7/27/21 7:17,7/27/21 7:35,1,0.713292042,0.614437865,county,18,IN,Republican,NA,Graduate degree,Male,0.27 to 1.0,8774+,"[0.12,0.96]",0.37 to 1.0
CP_11738878,Would completely trust me,Would mostly trust me,Would not trust me at all,Would not trust me at all,By telling the truth your story is always the same.,Lying is never okay.,It never good to lie it will catch up with you.,I never lie.,I tell the truth and some time it hurts.,Lying is never okay.,If you can't tell the truth don't answer the questions.,absolute_first,1,7/27/21 7:08,7/27/21 7:41,1,0.44023093,0.498267018,municipality,55,WI,Independent,Neither,Graduate degree,NA,0.17 to 0.27,8774+,"[0.12,0.96]",0.37 to 1.0
CP_13104023,Would mostly trust me,Would mostly trust me,Would not trust me at all,Would not trust me at all,NA,Lying is never okay.,NA,I never lie.,NA,Lying is never okay.,NA,relative_first,1,7/27/21 7:47,7/27/21 7:55,1,0.742401966,0.585499276,municipality,37,NC,Independent,Republican Party,Some college,Male,0.27 to 1.0,8774+,"[0.96,]",0.24 to 0.37
CP_15616681,Would mostly trust me,Would somewhat trust me,Would not trust me at all,Would not trust me at all,NA,Lying is never okay.,NA,I rarely lie.,NA,Lying is rarely okay.,NA,relative_first,1,7/27/21 8:04,7/27/21 8:12,1,4.109496168,3.102515478,municipality,55,WI,Republican,NA,High school graduate,Male,0 to 0.17,0 to 2422,"[,0.12]",0.24 to 0.37
CP_13124021,Would mostly trust me,Would not trust me at all,Would only trust me a little,Would only trust me a little,NA,Lying is never okay.,NA,I never lie.,WHY DO I HAVE TO EXPLAIN.  YOU ASKED THE QUESTION; ANSWERED.,Lying is never okay.,NA,absolute_first,1,7/27/21 8:08,7/27/21 8:13,1,0.44023093,0.498267018,township,42,PA,Democrat,NA,College graduate,Female,0.27 to 1.0,2422 to 8774,"[0.96,]",0.37 to 1.0
CP_11298860,Would somewhat trust me,Would not trust me at all,Would not trust me at all,Would not trust me at all,"I live in a very small place - only 5,000 people in the county.  That makes trust issues different than in a larger arena.",Lying is rarely okay.,"Every now and then it's okay to shade the truth to avoid inflicting pain, but those cases are rare.",I rarely lie.,"As Sam Rayburn said, ""I tell the truth so I don't have to remember a lie.""",Lying is rarely okay.,"You very seldom need to lie, but due to confidentiality issues, often you need to keep your mouth shut.",absolute_first,1,7/27/21 8:34,7/27/21 8:42,1,1.96064235,2.202570331,county,27,MN,Democrat,NA,Some college,Male,0 to 0.17,2422 to 8774,"[,0.12]",0.24 to 0.37
CP_13375467,Would somewhat trust me,Would not trust me at all,Would not trust me at all,Would only trust me a little,NA,Lying is never okay.,I think there is always a way to be honest and if you can't be honest (for example for liability issues) then be quiet. ,I never lie.,NA,Lying is never okay.,I would take this stance regardless of peoples perceptions because it is true. ,absolute_first,1,7/27/21 8:37,7/27/21 8:47,1,0.44023093,0.498267018,municipality,53,WA,Independent,Neither,Graduate degree,Female,0.17 to 0.27,2422 to 8774,"[0.96,]",0.37 to 1.0
CP_11647832,Would not trust me at all,Would not trust me at all,Would not trust me at all,Would not trust me at all,NA,Lying is never okay.,NA,I never lie.,NA,Lying is never okay.,NA,relative_first,1,7/27/21 8:50,7/27/21 8:56,1,0.773156676,1.238587181,county,19,IA,Republican,NA,High school graduate,Male,0.17 to 0.27,8774+,"[0.12,0.96]",0.24 to 0.37
CP_21992059,Would mostly trust me,Would only trust me a little,Would only trust me a little,Would not trust me at all,I think all politicians ought to be upfront and honest in all answers. Politicians often himhaw around when asked a direct question,Lying is never okay.,Lying just leads to more lies to cover something up. Was raised to believe that honesty is the best policy,I never lie.,I don't like lying. It's just not a good thing to practice and l teach my grandkids this by practicing what l preach,Lying is never okay.,"Sometimes we may say ""no comment at this time"" on an issue, and that's pretty much self explanatory. That can buy you a little time to come out with a true, well explained truth. Lying is never a good option",relative_first,1,7/27/21 8:18,7/27/21 8:58,1,0.44023093,0.498267018,municipality,54,WV,Republican,NA,High school graduate,NA,0.27 to 1.0,2422 to 8774,"[0.12,0.96]",0.37 to 1.0
CP_11163677,Would mostly trust me,Would somewhat trust me,Would mostly trust me,Would somewhat trust me,NA,Lying is sometimes okay.,If you are protecting the interests of the township and the rights of the citizens,I rarely lie.,NA,Lying is rarely okay.,NA,absolute_first,1,7/27/21 8:43,7/27/21 9:11,1,2.436856856,2.640278476,township,42,PA,Republican,NA,Graduate degree,Male,0 to 0.17,0 to 2422,"[0.12,0.96]",0.37 to 1.0
CP_13390232,Would mostly trust me,Would not trust me at all,Would only trust me a little,Would not trust me at all,NA,Lying is never okay.,NA,I never lie.,NA,Lying is never okay.,NA,relative_first,1,7/27/21 9:08,7/27/21 9:13,1,0.713292042,0.614437865,county,36,NY,NA,NA,College graduate,Male,0.27 to 1.0,8774+,"[0.12,0.96]",0.37 to 1.0
CP_21345241,Would somewhat trust me,Would not trust me at all,Would not trust me at all,Would not trust me at all,Right now trust is at an all time low on politicians in my opinion.  Nothing said about lies and such is believed at face value.  It must be proven and trust earned over time.,Lying is never okay.,Not everyone has a right to every piece of information as some is sensitive etc.  They do have a right to transparency and truthfulness on what needs to be shared.  We should err on the side of limiting what is held back.,I rarely lie.,I try to avoid lies but know that I have lied through statement and inappropriate omissions before.  No person can say never in my opinion even though we all should strive for it.,Lying is never okay.,I would repeat my comment from earlier that I would always try to be truthful and open but acknowledge that sometimes information can't be shared publicly.,relative_first,1,7/27/21 9:03,7/27/21 9:52,1,0.44023093,0.498267018,township,17,IL,Republican,NA,Graduate degree,Male,0.27 to 1.0,8774+,"[0.96,]",0.37 to 1.0
CP_11183203,Would mostly trust me,Would only trust me a little,Would not trust me at all,Would not trust me at all,As an elected official i try to always be honest to the people i serve.,Lying is never okay.,Lying has a way catching up with you. One lie always leads to another one.,I rarely lie.,No one is perfect. ,Lying is never okay.,"People that really know you and your background,you can not fool them.",relative_first,1,7/27/21 9:32,7/27/21 9:59,1,1.108118419,1.058128318,municipality,37,NC,Democrat,NA,Some college,Male,0.17 to 0.27,2422 to 8774,"[0.96,]",0.37 to 1.0
CP_11761054,Would not trust me at all,Would only trust me a little,Would not trust me at all,Would not trust me at all,Lying is not a complicated issues. Politicians should not lie to their constituents. This is not acceptable. I don't trust any politician anymore. ,Lying is never okay.,Just tell the truth and let people make their own conclusion.,I sometimes lie.,Yes but I'm not lying to the world,Lying is sometimes okay.,"If you're lying to your friends and family that's your problem, but don't lie to people you have not personally met",absolute_first,1,7/27/21 9:54,7/27/21 10:09,1,0.44023093,0.498267018,municipality,41,OR,Independent,Neither,College graduate,Female,0.27 to 1.0,8774+,"[0.96,]",0.37 to 1.0
CP_11114453,Would mostly trust me,Would only trust me a little,Would not trust me at all,Would not trust me at all,"I ran on a platform of open & transparency along with doing away with the slogan that we needed to work together to end favoritism.  Since being elected the ""good ole boys (and girls) have done everything possible to negate my position on the Board; going so far as to deny me entry into the township hall, denial of FOIAables and are now trying to remove me from office.  The supervisor told me that I had to be a 'team player' right before telling me, ""you're NOT a team player.  I told him, you didn't elect me, the people did.""  The challenge is REAL. ",Lying is never okay.,"Those that know me....who really know me, would say that I'm honest to a fault; painfully so.  Getting into the political field has actually forced me to temper my responses now, but people know that I will still tell them the truth regardless of the personal costs and there have been plenty.  I don't intend to change that pattern; I'm too old to start on a different pathway.",I rarely lie.,"I'd like to say that I never lie, but realistically, by omitting to tell the WHOLE story to someone *(whether it's to spare their feelings or anothers because I know that whatever is said, will be immediately spread far & wide by the one I'm telling it to) isn't being completely honest and hence, is a lie of omission.  Sometimes something isn't said because the timing is wrong to fully disclose an item so that an agenda can be achieved or defeated.  Both scenarios may or may not be a ""lie""- but they aren't entirely true to the character I'd like to see worked out in my being.  ",Lying is never okay.,Pretty much summarized in the previous response.,relative_first,1,7/27/21 8:00,7/27/21 10:57,1,2.160083081,1.580891003,township,26,MI,Other party (please specify):,NA,College graduate,Male,0 to 0.17,2422 to 8774,"[0.12,0.96]",0.37 to 1.0
CP_11874102,Would not trust me at all,Would not trust me at all,Would not trust me at all,Would not trust me at all,"I feel I didnt recieve a position recently because I refused to lie, or tell them what they wanted to hear",Lying is never okay.,It just is not the right direction,I rarely lie.,I own 6 community newspapers-we pride ourselves on honesty on the papers,Lying is never okay.,NA,relative_first,1,7/27/21 11:05,7/27/21 11:12,1,1.632611904,1.460958097,township,39,OH,Republican,NA,College graduate,Male,0.27 to 1.0,2422 to 8774,"[,0.12]",0.24 to 0.37
CP_11940696,Would not trust me at all,Would not trust me at all,Would not trust me at all,Would not trust me at all,No comment.,Lying is never okay.,I was taught and to own my mistakes and not lie. ,I never lie.,No comment,Lying is never okay.,No commemt,absolute_first,1,7/27/21 11:10,7/27/21 11:16,1,0.44023093,0.498267018,municipality,12,FL,Republican,NA,Some graduate school,Female,0.17 to 0.27,8774+,"[0.96,]",0.37 to 1.0
CP_21440058,Would somewhat trust me,Would mostly trust me,Would not trust me at all,Would not trust me at all,Testing a nuanced versus absolutist response is at the heart a test of trust of government and political culture.,Lying is rarely okay.,Often you must omit confidential information that can be perceived by some as a lie of omission.  ,I rarely lie.,"Trust is very important to me so telling the truth and embodying that myself is important.  I chose rarely because I have again omitted facts, information, in volatile situations. ",Lying is rarely okay.,It is important to be authentic in your response.  ,relative_first,1,7/27/21 11:43,7/27/21 12:18,1,0.44023093,0.498267018,municipality,48,TX,Republican,NA,Graduate degree,Female,0.27 to 1.0,8774+,"[0.96,]",0.37 to 1.0
CP_13407706,Would completely trust me,Would only trust me a little,Would not trust me at all,Would not trust me at all,"These scenarios are fairly straightforward.  Lying is not so much a problem as trying to find all the information on an issue and deciding how much is relevant to relay in any particular situation at a particular time.  In life, I have preferred to disclose more information so those I interact with can make up their own minds. ",Lying is rarely okay.,"In a personal situation in which life is on the line, where telling the full truth will get you killed, not providing full disclosure or providing a false statement is reasonable as long as it does not cause harm to another person. ",I rarely lie.,"Realistically, there are probably times where I do not share all the facts in a particular conversation.  Some might consider that a lie of omission.",Lying is rarely okay.,I would provide the example previously stated.  I trust that constituents are intelligent moral people.  there is the risk of being quoted out of context.,absolute_first,1,7/27/21 13:04,7/27/21 13:37,1,0.44023093,0.498267018,municipality,26,MI,Independent,Neither,Graduate degree,Male,0.27 to 1.0,8774+,"[0.96,]",0.37 to 1.0
CP_11506377,Would somewhat trust me,Would only trust me a little,Would only trust me a little,Would only trust me a little,"It seems, in my opinion, politicians just don't trust each other.",Lying is never okay.,"Regardless of what is happening, always tell the truth and it will work out better for you in the end.",I never lie.,I do my best to never lie. It's not beneficial.,Lying is never okay.,Lying is not beneficial.,absolute_first,1,7/27/21 14:55,7/27/21 15:06,1,0.742401966,0.585499276,municipality,12,FL,Democrat,NA,Graduate degree,Female,0.17 to 0.27,2422 to 8774,"[0.12,0.96]",0.24 to 0.37
CP_11832866,Would mostly trust me,Would somewhat trust me,Would not trust me at all,Would not trust me at all,NA,Lying is never okay.,"Truth must be spoken at all times. If cannot answer, clearly state that and people will begin to trust you.",I never lie.,Honesty is key.,Lying is never okay.,It is how I live my life.,relative_first,1,7/27/21 18:46,7/27/21 18:58,1,0.44023093,0.498267018,municipality,29,MO,Republican,NA,Graduate degree,Male,0.17 to 0.27,2422 to 8774,"[0.12,0.96]",0.37 to 1.0
CP_13446116,Would completely trust me,Would mostly trust me,Would somewhat trust me,Would mostly trust me,NA,Lying is never okay.,"Lying is never ok. It's better to tell someone that you don't know the answer and you'll get back to them as apposed to lying, or making up an answer.",I never lie.,I'm one of those people who is brutally honest. That way I never have to make up anything.,Lying is never okay.," I would say lying is never ok, No one would trust me if I were to say I'm going to lie to you from time to time.",absolute_first,1,7/27/21 20:25,7/27/21 21:02,1,0.713292042,0.614437865,county,34,NJ,Democrat,NA,Some college,Male,0.27 to 1.0,8774+,"[0.96,]",0.37 to 1.0
CP_11890013,Would somewhat trust me,Would not trust me at all,Would not trust me at all,Would not trust me at all,"I think anytime the words honesty and lie are used together to define an elected official's behavior, it's a red flag. If you are honest, citizens may question the need to talk about honesty.  ",Lying is never okay., ,I never lie.,NA,Lying is never okay.,NA,absolute_first,1,7/28/21 5:07,7/28/21 5:24,1,0.742401966,0.585499276,municipality,37,NC,Independent,Democratic Party,College graduate,Female,0.27 to 1.0,2422 to 8774,"[0.12,0.96]",0.24 to 0.37
CP_13700533,Would mostly trust me,Would somewhat trust me,Would not trust me at all,Would not trust me at all,"It is never ok to lie. I have a sworn oath to do what is best for our county, if I keep that mindset I won't ever have to worry about honesty or my integrity. Plus I enjoy sleeping at night.",Lying is never okay.,Refer back to my previous response.,I never lie.,"The only time I tell half truths is when I am fishing, period.",Lying is never okay.,I don't need the votes of people that do not share that same viewpoint. It helps that I don't care if I get reelected.,absolute_first,1,7/28/21 5:55,7/28/21 6:23,1,0.669890412,0.530995847,county,32,NV,Republican,NA,Graduate degree,Male,0 to 0.17,8774+,"[0.12,0.96]",0.24 to 0.37
CP_21188941,Would mostly trust me,Would not trust me at all,Would not trust me at all,Would not trust me at all,"Sometimes false statements are made due to many factors including bad information, assumptions and changed circumstances. Always best to leave the door open for an explanation",Lying is rarely okay.,If asked by your wife if she looks fat in the new dress well you get the idea.,I rarely lie.,See last answer,Lying is rarely okay.,See two answers ago,relative_first,1,7/28/21 6:24,7/28/21 6:49,1,0.44023093,0.498267018,municipality,6,CA,Republican,NA,College graduate,Male,0.27 to 1.0,2422 to 8774,"[0.96,]",0.37 to 1.0
CP_11871340,Would mostly trust me,Would not trust me at all,Would mostly trust me,Would not trust me at all,NA,Lying is rarely okay.,"As it is sometimes call ""White Lie"" can be harmless or trivial lie and is sometimes used to avoid conflict or hurting someones feelings",I rarely lie.,NA,Lying is never okay.,NA,relative_first,1,7/28/21 6:52,7/28/21 6:59,1,1.108118419,1.058128318,municipality,36,NY,Independent,Republican Party,Graduate degree,Male,0.17 to 0.27,8774+,"[0.96,]",0.37 to 1.0
CP_13362792,Would somewhat trust me,Would somewhat trust me,Would not trust me at all,Would not trust me at all,NA,Lying is never okay.,NA,I never lie.,NA,Lying is never okay.,NA,relative_first,1,7/28/21 7:49,7/28/21 7:53,1,0.44023093,0.498267018,municipality,42,PA,Republican,NA,College graduate,Male,0.27 to 1.0,2422 to 8774,"[0.96,]",0.37 to 1.0
CP_21729841,Would mostly trust me,Would somewhat trust me,Would only trust me a little,Would not trust me at all,"This surveys stated topic was transparency. I see what your questions did, a guided hierarchy response.  You missed the opportunity to obtain perspective on what transparency means to an elected official. Lying and trust your focus? What about mechanisms to build trust through transparent governance?",Lying is rarely okay.,Rare circumstance to lie. Only to protect staff or citizens. It is not uncommon to have situation where full story is untold (per above). Some would view that a a lie of omission. ,I never lie.,Just who I am. And some things best left unsaid. ,Lying is rarely okay.,See prior comments,absolute_first,1,7/28/21 7:16,7/28/21 8:16,1,0.44023093,0.498267018,municipality,26,MI,Democrat,NA,Some graduate school,Female,0.27 to 1.0,2422 to 8774,"[0.96,]",0.37 to 1.0
CP_13636530,Would only trust me a little,Would only trust me a little,Would only trust me a little,Would only trust me a little,NA,Lying is never okay.,NA,I never lie.,NA,Lying is never okay.,NA,absolute_first,1,7/28/21 8:36,7/28/21 8:40,1,1.447182809,0.874762088,municipality,23,ME,Republican,NA,College graduate,Male,0.17 to 0.27,8774+,"[0.12,0.96]",0.37 to 1.0
CP_21059969,Would mostly trust me,Would mostly trust me,Would not trust me at all,Would completely trust me,My constituents KNOW ME as a christian man who practices his faith and desires transparency.,Lying is never okay.,"Read the Commanments. If God thought it was a gray issue, He would have said so.",I rarely lie.,All humans lie,Lying is never okay.,"Again, I believe this",relative_first,1,7/28/21 9:11,7/28/21 9:19,1,0.496638194,0.832165962,municipality,48,TX,Independent,Republican Party,Some graduate school,Male,0.27 to 1.0,0 to 2422,"[0.96,]",0.37 to 1.0
CP_21522248,Would mostly trust me,Would not trust me at all,Would somewhat trust me,Would somewhat trust me,"The implications of these questions are really bad.  It encourages politicians to be ""honest"" by saying they will ""lie"".",Lying is rarely okay.,Lying is pre-judging a situation.  As will all pre-judging...it's rarely correct.,I rarely lie.,NA,Lying is never okay.,Even hard information gives the constituent better information that they will likely gain anyway.,absolute_first,1,7/28/21 9:58,7/28/21 10:05,1,1.632611904,1.460958097,municipality,49,UT,Republican,NA,Some graduate school,Male,0.27 to 1.0,0 to 2422,"[0.12,0.96]",0.24 to 0.37
CP_13547136,Would mostly trust me,Would not trust me at all,Would not trust me at all,Would not trust me at all,NA,Lying is sometimes okay.,Rarely if it protects the mental health of the person being lied too,I rarely lie.,See previous comment,Lying is never okay.,The only time I think it could possibly be okay is if someone asked me about something confidential. But I would hope my answer would be that I can't discuss that.,relative_first,1,7/28/21 10:00,7/28/21 10:09,1,0.44023093,0.498267018,municipality,17,IL,Independent,Neither,Graduate degree,Female,0.27 to 1.0,8774+,"[0.96,]",0.37 to 1.0
CP_21918246,Would somewhat trust me,Would not trust me at all,Would not trust me at all,Would not trust me at all,NA,Lying is rarely okay.,"I have a background in caring for dementia elderly. ""White lies"" are used frequently to ease anxiety. That's the one circumstance it's okay to lie. ",I never lie.,I try my absolute best to not lie - or exaggerate- which is a form of lying. ,Lying is never okay.,People do not trust when they perceive someone might be lying. Elected officials already have a difficult enough time trying to get things done - lying to the public makes everything more difficult. ,relative_first,1,7/28/21 10:08,7/28/21 10:19,1,0.44023093,0.498267018,municipality,38,ND,Democrat,NA,Graduate degree,Female,0.27 to 1.0,8774+,"[0.96,]",0.37 to 1.0
CP_13279975,Would mostly trust me,Would mostly trust me,Would not trust me at all,Would not trust me at all,The truth is what the truth is. The truth will pervail,Lying is never okay.,No sense of lying the truth will clme out. The truth is what it is,I rarely lie.,I never intend to lie but you may have been mislead to what the truth really is,Lying is never okay.,It is easy to defend the truth lying will come out,relative_first,1,7/28/21 14:35,7/28/21 15:11,1,0.968109313,1.243293143,township,55,WI,Other party (please specify):,NA,Technical/trade school,Male,0.17 to 0.27,0 to 2422,"[,0.12]",0.37 to 1.0
CP_13387058,Would completely trust me,Would mostly trust me,Would mostly trust me,Would mostly trust me,There is way to many politicians liars in the country.,Lying is never okay.,It will always back fire,I never lie.,Honesty is the best,Lying is never okay.,We need more honest politicians ,relative_first,1,7/28/21 15:39,7/28/21 16:05,1,0.837526731,0.977854344,municipality,46,SD,Republican,NA,Technical/trade school,Male,0.27 to 1.0,2422 to 8774,"[0.96,]",0.24 to 0.37
CP_21432479,Would completely trust me,Would mostly trust me,Would not trust me at all,Would not trust me at all,Representatives are elected to represent their constituents and should never lie to them.  ,Lying is never okay.,Integrity is paramount.  Representatives are responsible to all the individuals they represent.  Lying merely undermines Democracy.,I never lie.,"When one resorts to telling lies, they lose all credibility with everyone they represent.  ",Lying is never okay.,If one has to lye to gain a constituents trust you are better off without that individuals support!,absolute_first,1,7/28/21 16:56,7/28/21 17:52,1,1.698770187,2.262054493,county,47,TN,Republican,NA,Graduate degree,NA,0 to 0.17,8774+,"[,0.12]",0 to 0.24
CP_21344630,Would mostly trust me,Would somewhat trust me,Would not trust me at all,Would not trust me at all,The US now is so divided and distrustful of Government that a good representative still has an aura of voter distrust around him/her,Lying is never okay.,"If you cannot tell the truth, do not tell a lie",I rarely lie.,I cannot say I have never lied but I do feel exceeding bad when I have,Lying is never okay.,Sometimes stating you never lie is seen as a dodge or coverup by the constituents because of the history of politics,relative_first,1,7/28/21 18:09,7/28/21 18:18,1,0.968109313,1.243293143,municipality,48,TX,Democrat,NA,Some college,Male,0.27 to 1.0,2422 to 8774,"[0.12,0.96]",0.37 to 1.0
CP_13038581,Would completely trust me,Would completely trust me,Would not trust me at all,Would mostly trust me,NA,Lying is never okay.,Lying is unethical.,I never lie.,Strong stance on never lying.,Lying is never okay.,NA,absolute_first,1,7/28/21 19:22,7/28/21 19:30,1,0.44023093,0.498267018,municipality,6,CA,Democrat,NA,College graduate,Female,0.27 to 1.0,8774+,"[0.96,]",0.37 to 1.0
CP_11310325,Would mostly trust me,Would somewhat trust me,Would mostly trust me,Would mostly trust me,NA,Lying is sometimes okay.,Hurting others is not ok. Protecting confidences is sometimes ok.,I sometimes lie.,Exaggeration might describe my behavior better. ,Lying is rarely okay., ,absolute_first,1,7/29/21 5:55,7/29/21 6:05,1,0.44023093,0.498267018,municipality,37,NC,Democrat,NA,College graduate,Female,0.17 to 0.27,8774+,"[0.96,]",0.37 to 1.0
CP_21832866,Would mostly trust me,Would not trust me at all,Would not trust me at all,Would not trust me at all,NA,Lying is rarely okay.,Dishonesty can sometimes come in the form of omission. Sometimes that omission is necessary for safety reasons. But generally I think lying is not okay.,I rarely lie.,"I strive to be honest, but sometimes don't tell the full truth to protect one's feelings or my own safety/well-being. ",Lying is rarely okay.,"I think the public understands that there are situations that require officials to not tell the full truth if health and safety depends on it. But even then, we should be truthful is saying so.",relative_first,1,7/29/21 9:03,7/29/21 9:09,1,0.713292042,0.614437865,county,36,NY,Democrat,NA,Graduate degree,Female,0.27 to 1.0,8774+,"[0.12,0.96]",0.37 to 1.0
CP_13495103,Would mostly trust me,Would not trust me at all,Would not trust me at all,Would not trust me at all,"It is not ok for anyone to lie, especially an elected official!",Lying is never okay.,See previous comment. ,I never lie.,NA,Lying is never okay.,NA,absolute_first,1,7/29/21 11:33,7/29/21 11:44,1,0.858153215,0.744433196,township,27,MN,Democrat,NA,Graduate degree,NA,0.17 to 0.27,2422 to 8774,NA,0.37 to 1.0
CP_21685451,Would completely trust me,Would mostly trust me,Would not trust me at all,Would somewhat trust me,The truth is a guard to your reputation. ,Lying is rarely okay.,"For examples when Nazis were hunting down Jews in hiding, people lied to protect them. That is reasonable.",I rarely lie.,Telling a telemarketer I am busy.,Lying is never okay.,"As a public figure in service to the public, it's not ok to lie about your actions pertaining to public service.",absolute_first,1,7/29/21 14:02,7/29/21 14:16,1,0.44023093,0.498267018,municipality,6,CA,Republican,NA,Graduate degree,Female,0.17 to 0.27,8774+,"[0.96,]",0.37 to 1.0
CP_21944671,Would mostly trust me,Would somewhat trust me,Would not trust me at all,Would not trust me at all,"Many people expect that politicians lie.  It takes years to build trust, especially in an environment where the expectation is lying, it takes once to break trust down.",Lying is never okay.,A person is only as good as their word. 'Trustworthy' is a guiding principle.,I never lie.,Trustworthy is a guiding principle.,Lying is never okay.,Trustworthy is a guiding principle.,absolute_first,1,7/30/21 10:38,7/30/21 10:57,1,0.44023093,0.498267018,municipality,26,MI,Independent,Republican Party,Graduate degree,Male,0.27 to 1.0,8774+,"[0.96,]",0.37 to 1.0
CP_21171204,Would somewhat trust me,Would not trust me at all,Would mostly trust me,Would not trust me at all,NA,Lying is never okay.,Honesty is always the best way to handle things.,I rarely lie.,"Sometimes I bend the truth, but don't outright lie",Lying is never okay.,Honesty is necessary.,absolute_first,1,7/30/21 11:16,7/30/21 11:29,1,0.44023093,0.498267018,township,25,MA,Independent,Republican Party,College graduate,Female,0.27 to 1.0,8774+,"[0.96,]",0.37 to 1.0
CP_11090076,Would mostly trust me,Would only trust me a little,Would not trust me at all,Would not trust me at all,NA,Lying is never okay.,Lying is just wrong,I never lie.,It's wrong and I don't lie  ,Lying is never okay.,Why would one lie to get votes and jeopardize their integrity.,relative_first,1,7/27/21 18:35,7/31/21 8:13,1,0.968109313,1.243293143,municipality,39,OH,Democrat,NA,Graduate degree,Male,0.27 to 1.0,0 to 2422,"[0.12,0.96]",0.37 to 1.0
CP_21378379,Would mostly trust me,Would mostly trust me,Would not trust me at all,Would not trust me at all,In today' World so many politicians lie routinely.  I feel many people have a distrust for all politicians because of this.  ,Lying is rarely okay.,I believe in the truth.  I was raised to live a truthful life.  ,I never lie.,"It is against my principles to lie.  If I am unable to tell someone something because of potential legal action or a City personnel issue I say I don't know the full story. And, in my City since there is only transparency with the Mayor, City Administrator  and the majority of Council I am telling the truth that I don't know. ",Lying is never okay.,As previously stated ,relative_first,1,7/31/21 14:40,7/31/21 14:51,1,0.742401966,0.585499276,municipality,21,KY,Democrat,NA,Graduate degree,Female,0.27 to 1.0,2422 to 8774,"[0.96,]",0.37 to 1.0
CP_13193626,Would somewhat trust me,Would not trust me at all,Would not trust me at all,Would not trust me at all,"I consider myself to be a truth teller; however, there is much distrust in my community now with a group here out to hurt the reputations of current office holders by telling lies about us and our actions.  Lies and misinformation are difficult to contend with when people want to believe what they are hearing.  ",Lying is rarely okay.,"There may be a time when the feelings of another person are spared by the telling of a lie.  I believe in being honest 99% of the time, and there are circumstances from time to time that may lead to the telling of an untruth.  ",I rarely lie.,I attempt to be as open and honest and above board as I can be.,Lying is never okay.,"If the goal is to gain trust, there is no other choice.",absolute_first,1,7/31/21 19:32,7/31/21 19:57,1,1.447182809,0.874762088,municipality,37,NC,Democrat,NA,Graduate degree,Female,0.17 to 0.27,2422 to 8774,"[,0.12]",0.37 to 1.0
CP_13451742,Would mostly trust me,Would not trust me at all,Would not trust me at all,Would not trust me at all,NA,Lying is never okay.,Distrust will get you nowhere in life.,I never lie.,NA,Lying is never okay.,NA,relative_first,1,8/1/21 8:37,8/1/21 8:41,1,0.44023093,0.498267018,township,26,MI,Republican,NA,Some college,NA,0.17 to 0.27,8774+,"[0.12,0.96]",0.37 to 1.0
CP_21384575,Would mostly trust me,Would only trust me a little,Would only trust me a little,Would only trust me a little,Lying is not nuanced because one's a politician . People don't and shouldn't trust liars.,Lying is never okay.,Don't lie,I never lie.,seems obvious ,Lying is never okay.,It's not ok,absolute_first,1,8/1/21 18:49,8/1/21 18:56,1,0.496638194,0.832165962,municipality,8,CO,Independent,Democratic Party,College graduate,Male,0.17 to 0.27,0 to 2422,"[0.12,0.96]",0.37 to 1.0
CP_13359796,Would completely trust me,Would only trust me a little,Would not trust me at all,Would not trust me at all,It is never okay to lie,Lying is never okay.,Truthfulness is a must ,I never lie.,I cannot remember a time I have lied over many years,Lying is never okay.,Honesty is important to gain constituents' trust,relative_first,1,8/2/21 19:24,8/2/21 19:37,1,1.868722156,1.243376225,municipality,37,NC,Independent,Democratic Party,College graduate,Female,0.17 to 0.27,2422 to 8774,"[0.12,0.96]",0 to 0.24
CP_21705467,Would completely trust me,Would completely trust me,Would not trust me at all,Would not trust me at all,NA,Lying is never okay.,NA,I never lie.,NA,Lying is never okay.,NA,absolute_first,1,8/3/21 6:25,8/3/21 6:31,1,4.109496168,3.102515478,township,42,PA,Democrat,NA,High school graduate,Male,0 to 0.17,0 to 2422,"[,0.12]",0 to 0.24
CP_21883280,Would mostly trust me,Would only trust me a little,Would not trust me at all,Would not trust me at all,NA,Lying is never okay.,NA,I never lie.,NA,Lying is never okay.,NA,absolute_first,1,8/3/21 6:37,8/3/21 6:42,1,0.968109313,1.243293143,township,26,MI,Democrat,NA,College graduate,Female,0.27 to 1.0,0 to 2422,"[0.12,0.96]",0.37 to 1.0
CP_21074826,Would completely trust me,Would not trust me at all,Would not trust me at all,Would not trust me at all,Never lie. ,Lying is never okay.,Lying is a sin. ,I never lie.,NA,Lying is never okay.,Lying is self destructive. ,relative_first,1,8/3/21 6:47,8/3/21 6:53,1,0.44023093,0.498267018,municipality,13,GA,Republican,NA,Some graduate school,Female,0.17 to 0.27,8774+,"[0.12,0.96]",0.37 to 1.0
CP_21602660,Would not trust me at all,Would not trust me at all,Would only trust me a little,Would only trust me a little,"Lying is complicated. Whether talking to my kids or constituents, I don't think I would say it as simply as ""I would never"" or ""It's OK.""",Lying is rarely okay.,Lying is OK when there is very little downside for all parties involved. I generally only do it when I'm asked about my opinion and the truth could hurt someone's feelings without benefitting them. ,I rarely lie.,I generally do not see benefit in most situations. ,Lying is rarely okay.,"People understand that everyone lies, so admitting that is important.",absolute_first,1,8/3/21 7:03,8/3/21 7:21,1,0.44023093,0.498267018,township,17,IL,Democrat,NA,Graduate degree,Female,0.27 to 1.0,8774+,"[0.96,]",0.37 to 1.0
CP_21837827,Would completely trust me,Would somewhat trust me,Would not trust me at all,Would somewhat trust me,"Honesty, is the best, some do not like to hear it, but at times it has to be said. ",Lying is never okay.,"If you do, it will just come back at you another day, when you least expect it.",I rarely lie.,"A person has to be truthful at all times, but there are times when you will say something before you think.",Lying is never okay.,"Be as truthful as possible, some don't like what you say, but be honest at all times, then you get the respect from your constituents.",relative_first,1,8/3/21 7:15,8/3/21 7:30,1,1.698770187,2.262054493,county,37,NC,Republican,NA,Graduate degree,NA,0 to 0.17,2422 to 8774,"[,0.12]",0 to 0.24
CP_21696459,Would mostly trust me,Would only trust me a little,Would not trust me at all,Would not trust me at all,NA,Lying is never okay.,"Knowingly lying is never okay. At times people make misstatements or express inaccurate information unknowingly, but to do so with clear intent is never acceptable.",I never lie.,"Again, intent. I try to never knowingly lie.",Lying is never okay.,NA,relative_first,1,8/3/21 7:21,8/3/21 7:33,1,0.44023093,0.498267018,municipality,49,UT,Independent,Democratic Party,College graduate,Male,0.27 to 1.0,2422 to 8774,"[0.12,0.96]",0.37 to 1.0
CP_21709232,Would mostly trust me,Would somewhat trust me,Would not trust me at all,Would not trust me at all,NA,Lying is never okay.,Morally it is wrong to lie,I never lie.,Lying always catches up with you and I feel it is wrong,Lying is never okay.,It just isn't.,absolute_first,1,8/3/21 7:34,8/3/21 7:41,1,4.109496168,3.102515478,municipality,42,PA,Republican,NA,Some graduate school,Female,0 to 0.17,0 to 2422,"[,0.12]",0 to 0.24
CP_21638129,Would mostly trust me,Would not trust me at all,Would not trust me at all,Would not trust me at all,"At the local level, I feel government leaders and elected officials are not so prone to outright ""lying"" but more to the sin of omission, not telling the whole truth because of the complexities of issues. ",Lying is rarely okay.,"I believe there are times that certain situations require a delicate balance, especially if it concerns personal matters. For example, if someone resigned or stepped down due to an addiction, or the need to take care of a family matter.",I rarely lie.,"I do not lie, but I do not disclose information if it can harm someone's personal reputation, or can be used against someone in a harmful way.  ",Lying is never okay.,"Again, lying - or not telling the truth is never okay. But withholding information regarding an individual's private life is not only okay, it is morally responsible. ",relative_first,1,8/3/21 7:59,8/3/21 8:12,1,0.713292042,0.614437865,county,36,NY,Democrat,NA,Some graduate school,Female,0.27 to 1.0,8774+,"[0.12,0.96]",0.37 to 1.0
CP_21929170,Would not trust me at all,Would not trust me at all,Would only trust me a little,Would mostly trust me,"Everyone ""lies"" at some point if only by accident. Acting like you are never going to lie is setting yourself up for failure.  I also don't think you have to lie. ",Lying is rarely okay.,People make mistakes. All info can not be shared all the time. ,I sometimes lie.,I make mistakes. ,Lying is sometimes okay.,I understand that we are all human but if you are spreading false info purely for your personal gain then that is never ok but if you are doing for the common good or because of a mistake then that is understandable. ,absolute_first,1,8/3/21 6:58,8/3/21 8:13,1,1.632611904,1.460958097,municipality,37,NC,Democrat,NA,Graduate degree,Female,0.17 to 0.27,0 to 2422,"[,0.12]",0 to 0.24
CP_13482651,Would somewhat trust me,Would not trust me at all,Would not trust me at all,Would not trust me at all,"My experience is that the general population harbors a huge and distinct trust of politicians.  I believe that generally the idea is that politicians prevaricate, evade, and lie to their constituents as a matter of course.  ",Lying is never okay.,"Once you are found to have lied, you will never be trusted.  Integrity is crucial as a politician, and one must have personal courage to face the music.",I rarely lie.,"I will never say that I love someone's peanut butter cookies when I hate peanut butter, but if that is the food that is proffered to me, I will ""thank you for the delicious cookies.""",Lying is rarely okay.,"When the situation is a matter of little consequence, I'm not going to state something that will be absolutely offensive.  In matters of fiscal and societal import where decisions need to be made, lying is never OK.",absolute_first,1,8/3/21 8:23,8/3/21 8:38,1,0.713292042,0.614437865,county,31,NE,Republican,NA,Graduate degree,NA,0.27 to 1.0,8774+,"[0.12,0.96]",0.37 to 1.0
CP_21758574,Would only trust me a little,Would mostly trust me,Would only trust me a little,Would mostly trust me,NA,Lying is rarely okay.,NA,I sometimes lie.,NA,Lying is never okay.,NA,relative_first,1,8/3/21 8:46,8/3/21 8:54,1,0.44023093,0.498267018,municipality,48,TX,Republican,NA,Graduate degree,Male,0.27 to 1.0,2422 to 8774,"[0.96,]",0.37 to 1.0
CP_13382493,Would mostly trust me,Would not trust me at all,Would not trust me at all,Would not trust me at all,NA,Lying is never okay.,Why lie?,I never lie.,"In my capacity as a council member, I don't see a reason to lie. ",Lying is never okay.,Lying just makes it hard to keep a story straight. Why lie?,relative_first,1,8/3/21 8:42,8/3/21 8:54,1,0.496638194,0.832165962,municipality,21,KY,Democrat,NA,Graduate degree,Female,0.27 to 1.0,0 to 2422,"[0.96,]",0.37 to 1.0
CP_21043041,Would mostly trust me,Would somewhat trust me,Would not trust me at all,Would mostly trust me,I look at these to be speculative questions and can only give speculative answers. Who knows what the press will find to be true or not?,Lying is never okay.,If you tell the truth you never have to try to remember  what lye you told.,I rarely lie.,I TRY TO BE TRUTHFUL AT ALL TIMES EVEN IF IT  HURTS SOMEONES FEELINGS,Lying is never okay.,It is my religious belief,relative_first,1,8/3/21 10:32,8/3/21 11:00,1,0.669890412,1.272037336,county,56,WY,Republican,NA,College graduate,Male,0.27 to 1.0,2422 to 8774,"[0.12,0.96]",0 to 0.24
CP_21677413,Would mostly trust me,Would not trust me at all,Would not trust me at all,Would not trust me at all,NA,Lying is never okay.,"Citizens have the right to know what is going on in their city, even if it puts administration in an uncomfortable position.",I never lie.,If you lie you can't be trusted.,Lying is never okay.,"I'm order for the public to trust me, I need to be honest.",relative_first,1,8/3/21 11:01,8/3/21 11:08,1,1.250102828,1.767201798,municipality,29,MO,Democrat,NA,Graduate degree,Female,0 to 0.17,2422 to 8774,"[0.96,]",0.37 to 1.0
CP_13983357,Would mostly trust me,Would mostly trust me,Would not trust me at all,Would not trust me at all,"In the last example it would have been clearer to present two scenarios: first, as stated; second, with a follow-up article allowing the politician to respond to the ( supposedly false?) allegation.",Lying is never okay.,"As a public official I believe that lying, even rarely, undermines the confidence of constituents.  Better than tell the truth as you believe it to be and defend your position if need be.",I never lie.,"I never lie deliberately.  I may misstate the truth due to misinformation.  If I am unsure, I will admit that I don't know the answer and offer to follow-up with the truth when I am confident that I know it.",Lying is never okay.,"Lying does not gain trust under any situation.  You may ""get away"" with it for a while, but ultimately constituents will find out that what you told them was not true.  If a deliberate lie, your effectiveness will be undermined.",relative_first,1,8/3/21 11:26,8/3/21 11:46,1,0.968109313,1.243293143,township,33,NH,Republican,NA,Graduate degree,Male,0.27 to 1.0,0 to 2422,"[,0.12]",0.37 to 1.0
CP_21358846,Would mostly trust me,Would somewhat trust me,Would only trust me a little,Would only trust me a little,none additional ,Lying is never okay.,I don't feel the need to lie. If there is information that can not be shared then that should be communicated. Sometimes you need to tell people things they do not want to hear. It is a politicians (or should be) job to represent their constituents which sometimes requires hard honesty.,I never lie.,I feel it is important to be honest. In the long run it is always the right decision.,Lying is rarely okay.,Santa Claus is a lie but we tell it for good reason. I do not feel lying in politics is acceptable but there are cases where we tell mistruths for good.,absolute_first,1,8/3/21 11:15,8/3/21 11:48,1,0.44023093,0.498267018,municipality,10,DE,Independent,Neither,College graduate,Male,0.27 to 1.0,8774+,"[0.96,]",0.37 to 1.0
CP_21370481,Would mostly trust me,Would not trust me at all,Would not trust me at all,Would not trust me at all,NA,Lying is rarely okay.,"Little ""lies"" that are meant to avoid personal hurt are ok as part of polite society.  ""You look wonderful in that outfit"" is a fine thing to say even if not true.  Significant lies of any kind are not OK",I rarely lie.,Same as before,Lying is never okay.,Significant lies are not right and not acceptable,relative_first,1,8/3/21 6:53,8/3/21 13:54,1,0.44023093,0.498267018,municipality,6,CA,Democrat,NA,Graduate degree,Female,0.27 to 1.0,8774+,"[0.96,]",0.37 to 1.0
CP_21193626,Would mostly trust me,Would not trust me at all,Would only trust me a little,Would not trust me at all,NA,Lying is rarely okay.,"I'm fine with lies about things such as another person's appearance, e.g. saying that they look nice when they don't.  I don't approve of lies that relate to matters that are not of this type.",I rarely lie.,"Same as my earlier response.  I may compliment someone to avoid hurting their feelings, but that's about it.",Lying is never okay.,I would assume we were talking about policy matters and would take an absolute stance on those,absolute_first,1,8/3/21 14:44,8/3/21 14:53,1,0.44023093,0.498267018,municipality,37,NC,Independent,Democratic Party,Graduate degree,Male,0.27 to 1.0,8774+,"[0.96,]",0.37 to 1.0
CP_13163677,Would mostly trust me,Would only trust me a little,Would not trust me at all,Would not trust me at all,Honesty is the best policy ,Lying is never okay.,If you can't be honest don't expect people to respect your decisions and motives ,I never lie.,I was taught from an early age it never pays to be dishonest ,Lying is never okay.,It is better to remain silent instead of lying ,relative_first,1,8/3/21 14:45,8/3/21 14:57,1,0.742401966,0.585499276,municipality,37,NC,Independent,Neither,Graduate degree,Male,0.17 to 0.27,2422 to 8774,"[0.96,]",0.24 to 0.37
CP_13474240,Would somewhat trust me,Would only trust me a little,Would not trust me at all,Would mostly trust me,"Public service is viewed as toxic. When you put yourself out there as an elected in the hopes of making positive change, your intent and optimism is distorted and maligned by those who hate you. Even your friends begin to distrust you, though your heart may be pure gold.",Lying is rarely okay.,"The truth is best, but sometimes the truth can hurt more.",I rarely lie.,"""That candy will rot your teeth!""",Lying is never okay.,"The truth is out there and they will find out, so you best not be lying.",absolute_first,1,8/3/21 18:18,8/3/21 18:31,1,0.713292042,0.614437865,county,55,WI,Independent,Democratic Party,Some graduate school,Male,0.27 to 1.0,8774+,"[0.12,0.96]",0.37 to 1.0
CP_21169336,Would somewhat trust me,Would not trust me at all,Would only trust me a little,Would only trust me a little,NA,Lying is rarely okay.,We're elected by the citizens. We owe it to them to be truthful.,I never lie.,NA,Lying is rarely okay.,I strongly believe that we owe the citizens the truth. If the truth is not fully available then it needs to be explained why.,absolute_first,1,8/4/21 8:24,8/4/21 8:33,1,0.837526731,0.977854344,municipality,26,MI,Democrat,NA,Some college,Male,0.17 to 0.27,0 to 2422,"[0.96,]",0.37 to 1.0
CP_21492730,Would mostly trust me,Would somewhat trust me,Would not trust me at all,Would not trust me at all,NONE THANK YOU.,Lying is never okay.,"Whatever the circumstance, or motivation, lying always erodes trust. Sometimes there are things that cannot be shared with the public, and so could be construed as lying by omission, but that is not the same as knowingly saying something false.",I never lie.,"Unless storytelling, I believe that honesty is essential to build relationships, and that relationships are essential as an elected. I never lie in public life.",Lying is never okay.,"Constituents need to trust their elected representatives. Thinking someone is a liar, or thinks lying is okay is the most assured way to break down trust.",absolute_first,1,8/4/21 9:23,8/4/21 9:47,1,1.868722156,1.243376225,municipality,26,MI,Democrat,NA,Some graduate school,NA,0 to 0.17,8774+,"[0.96,]",0.24 to 0.37
CP_13756221,Would somewhat trust me,Would not trust me at all,Would not trust me at all,Would not trust me at all, You have to tell the truths even though it hurts sometimes. Lying to your people is not a good thing to do.,Lying is never okay., Lying is destroying a relationship if you want your relationship to be durable do it without a single lie.,I never lie.,It against my personal belief ,Lying is never okay.,When people losing trust on you you are finished.,relative_first,1,8/4/21 9:53,8/4/21 10:15,1,1.108118419,1.058128318,municipality,36,NY,Democrat,NA,Some college,Male,0 to 0.17,8774+,"[0.96,]",0.37 to 1.0
CP_21738878,Would somewhat trust me,Would not trust me at all,Would only trust me a little,Would not trust me at all,"Constituents is a broad term. Inherently, the individuals in a municipality or municipal district who vote for an elected official have more trust in the elected person than individuals who voted for someone else. There can be individuals or groups attempting to undermine an elected official by claiming that the elected official lies whether or not it's true. I feel like these are difficult questions to ask an elected official!",Lying is rarely okay.,"I really do not believe in lying and prefer to remain silent rather than say something that is not true, but I also hate to say never! It's also difficult to always say things accurately and misstatements can be perceived as lying.",I rarely lie.,"I try not to lie, but sometimes one is backed into a corner.",Lying is never okay.,Purposefully lying to constituents really is not okay. But how do the constituents perceive the statement?,absolute_first,1,8/4/21 10:10,8/4/21 10:40,1,1.089215042,0.806177854,municipality,2,AK,Independent,Democratic Party,Graduate degree,Female,0.27 to 1.0,2422 to 8774,"[,0.12]",NA
CP_21589595,Would somewhat trust me,Would only trust me a little,Would not trust me at all,Would only trust me a little,"Most people assume all politicians lie.  If anything, they seek ""proof"" of this through their choice of media messaging.",Lying is rarely okay.,I told my kid there was a Santa.  I'm cool with that.,I rarely lie.,I try to live life truthfully.  It is far less complicated that way.,Lying is rarely okay.,"Absolutes such as ""never"" tend to make people suspicious.",relative_first,1,8/4/21 17:37,8/4/21 17:45,1,0.742401966,0.585499276,municipality,1,AL,Democrat,NA,College graduate,NA,0.27 to 1.0,8774+,"[0.12,0.96]",0.24 to 0.37
CP_13043754,Would completely trust me,Would not trust me at all,Would not trust me at all,Would not trust me at all,NA,Lying is never okay.,NA,I never lie.,NA,Lying is never okay.,NA,relative_first,1,8/5/21 6:26,8/5/21 6:30,1,2.436856856,2.640278476,township,26,MI,Republican,NA,Some college,Female,0 to 0.17,2422 to 8774,"[,0.12]",0.37 to 1.0
CP_21848456,Would completely trust me,Would not trust me at all,Would completely trust me,Would not trust me at all,NA,Lying is never okay.,NA,I rarely lie.,I try not to disagree with anyone's personal beliefs,Lying is never okay.,NA,relative_first,1,8/5/21 7:49,8/5/21 7:59,1,0.44023093,0.498267018,township,34,NJ,Independent,Republican Party,High school graduate,Male,0.27 to 1.0,2422 to 8774,"[0.12,0.96]",0.37 to 1.0
CP_21201898,Would completely trust me,Would completely trust me,Would not trust me at all,Would not trust me at all,NA,Lying is never okay.,"I raised my children not to lie. As well, my parents caught me as a young boy and the outcome somewhat reinforced my stance.",I never lie.,Because the truth will always win out.,Lying is never okay.,I believe we have had enough examples in politics as they exist.,absolute_first,1,8/5/21 18:08,8/5/21 18:19,1,0.44023093,0.498267018,municipality,17,IL,Democrat,NA,Some graduate school,Male,0.27 to 1.0,8774+,"[0.96,]",0.37 to 1.0
CP_21025558,Would mostly trust me,Would not trust me at all,Would not trust me at all,Would not trust me at all,"If the scenario didn't include the ""as a politician"" caveat, but was still a statement by an elected official - I think it would have greater impact. I typically refer to myself as a public servant vs. politician. ",Lying is rarely okay.,"I don't like using absolutes. However, I do believe that lying is wrong. ",I rarely lie.,"Again, I'm going to avoid making a declarative absolute statement.",Lying is rarely okay.,I would prefer stating: Lying is NOT okay. ,relative_first,1,8/6/21 8:17,8/6/21 8:45,1,0.44023093,0.498267018,municipality,37,NC,Democrat,NA,Graduate degree,Female,0.27 to 1.0,8774+,"[0.96,]",0.37 to 1.0
CP_21013447,Would somewhat trust me,Would not trust me at all,Would not trust me at all,Would not trust me at all,NA,Lying is never okay.,If you lie you once you end up telling more lies to cover the first one,I never lie.,i don't lie,Lying is never okay.,NA,absolute_first,1,8/6/21 4:58,8/6/21 17:50,1,2.108163542,2.076588125,municipality,42,PA,Democrat,NA,High school graduate,Male,0.17 to 0.27,0 to 2422,"[0.96,]",0.24 to 0.37
CP_13606256,Would completely trust me,Would completely trust me,Would not trust me at all,Would not trust me at all,"Being an individual that has a local business and has built a reputation,  I would always tell the public the truth. ",Lying is never okay.,My word is my bond,I never lie.,Never,Lying is never okay.,"People who know me know I do not lie, ",absolute_first,1,8/7/21 12:32,8/7/21 12:48,1,4.109496168,3.102515478,township,55,WI,Republican,NA,Some college,Male,0.17 to 0.27,0 to 2422,"[,0.12]",0.24 to 0.37
CP_13189531,Would somewhat trust me,Would mostly trust me,Would only trust me a little,Would only trust me a little,NA,Lying is rarely okay.,Lies of omission related to ongoing litigation or employment township workers are okay.,I rarely lie.,"Just lie until it is the best time to tell the truth.  Ex surprise birthday party, choosing to tell somebody in person instead of by text",Lying is never okay.,NA,relative_first,1,8/9/21 9:37,8/9/21 9:55,1,0.44023093,0.498267018,township,34,NJ,Democrat,NA,Some graduate school,Male,0.27 to 1.0,8774+,"[0.96,]",0.37 to 1.0
CP_21600083,Would somewhat trust me,Would only trust me a little,Would somewhat trust me,Would only trust me a little,NA,Lying is never okay.,NA,I never lie.,NA,Lying is never okay.,NA,absolute_first,1,8/9/21 9:57,8/9/21 10:06,1,1.445887048,1.333566198,county,51,VA,Republican,NA,College graduate,Male,0.17 to 0.27,8774+,"[0.12,0.96]",0.24 to 0.37
CP_21284262,Would somewhat trust me,Would only trust me a little,Would somewhat trust me,Would somewhat trust me,"I believe for these situations to remain as a single comment would be nearly impossible. I think the conversation/conversations that followed would greatly affect people's opinions. Though many constituents form opinions based on a single comment, I don't believe everyone does.",Lying is rarely okay.,"Sometimes a lie is to say, keep someone's gift or party a secret. In the end, that person, as well as others might be pleased you were dishonest. Though pleased in the end, it doesn't make the things you said ""the truth"".",I rarely lie.,"I'm generally honest, however, I've been part of keeping secrets for pleasure on more than one occasion. I'm also a mom who loves her children and works hard to help build their confidence and and keep their self esteem high. When they are very young, I don't find it entirely necessary to be blatantly honest when it would be unsupportive of their self esteem. Say they strike out in baseball, a professional coach might say their performance was poor, but their parents tell them they did good. On that same note, perhaps sometimes honesty is subjective. Perhaps the professional coach would think I'm lying, but I could disagree. It's easier for a parent to be impressed by their children's efforts than it is for others..",Lying is rarely okay.,"I think it would be dishonest in itself to say, ""I never have and never will lie.""However it would be important to provide the context I'm referring to. Again, I don't believe it would be a realistic scenario to only be capable of making a single statement without follow up or debate. I also would never believe or trust someone who claimed to be 100%honest their whole life and I would then doubt their integrity.  I do believe, however, that personal beliefs don't, and shouldn't, always reflect what you do and say in office. I think constituents have the right to know what's going on in their communities, and how decisions are being made. This isn't just my town. I'm a very small part of a much greater picture. I personally don't do this job for power. I have other priorities for my personal life. I do this so my neighbors and family have someone interested in our well being participating in how our town functions and grows. If my goal were to in charge, perhaps I'd feel like it was ok to be dishonest. I suppose ones approach would coordinate with ones personal goals.",relative_first,1,8/9/21 12:31,8/9/21 13:12,1,2.436856856,2.640278476,municipality,53,WA,Independent,Republican Party,Technical/trade school,NA,0 to 0.17,0 to 2422,"[,0.12]",0.37 to 1.0
CP_21554768,Would completely trust me,Would mostly trust me,Would not trust me at all,Would not trust me at all,NA,Lying is never okay.,NA,I rarely lie.,NA,NA,NA,relative_first,1,8/8/21 12:15,8/8/21 12:19,0,NA,1.243376225,municipality,17,IL,NA,NA,NA,Male,0.17 to 0.27,2422 to 8774,"[0.96,]",0 to 0.24
CP_21631275,Would only trust me a little,Would not trust me at all,Would not trust me at all,NA,NA,NA,NA,NA,NA,NA,NA,absolute_first,1,8/5/21 6:14,8/5/21 6:15,0,NA,0.498267018,municipality,55,WI,NA,NA,NA,Male,0.27 to 1.0,8774+,"[0.96,]",0.37 to 1.0
CP_21800718,Would mostly trust me,Would somewhat trust me,Would somewhat trust me,Would only trust me a little,NA,NA,NA,NA,NA,NA,NA,absolute_first,1,8/4/21 16:51,8/4/21 16:57,0,NA,1.243376225,municipality,18,IN,NA,NA,NA,Male,0.17 to 0.27,8774+,"[0.96,]",0 to 0.24
CP_21988281,Would mostly trust me,Would not trust me at all,Would not trust me at all,Would not trust me at all,NA,Lying is rarely okay.,NA,I rarely lie.,NA,Lying is rarely okay.,NA,relative_first,1,8/4/21 9:17,8/4/21 9:18,0,NA,0.614437865,county,36,NY,NA,NA,NA,Female,0.27 to 1.0,8774+,"[0.12,0.96]",0.37 to 1.0
CP_21451742,Would completely trust me,Would completely trust me,Would not trust me at all,Would not trust me at all,NA,Lying is never okay.,Lying is a weapon of destruction.,I rarely lie.,"I do find myself in every day life, but  rarely, lying.  When this happens my conscience convicts me and my day is ruined. ",Lying is never okay.,Again as I stated earlier lying no matter what is a weapon of destruction. ,relative_first,1,8/4/21 7:22,8/4/21 7:55,0,NA,1.058128318,municipality,29,MO,NA,NA,College graduate,Female,0 to 0.17,8774+,"[0.96,]",0.37 to 1.0
CP_19939945,Would somewhat trust me,Would somewhat trust me,Would somewhat trust me,Would somewhat trust me,None,Lying is rarely okay.,None,I rarely lie.,None,Lying is rarely okay.,None,absolute_first,1,7/27/21 16:06,7/27/21 16:08,0,NA,3.102515478,municipality,19,IA,NA,NA,NA,Male,0 to 0.17,2422 to 8774,"[,0.12]",0.24 to 0.37
CP_15063320,Would somewhat trust me,Would not trust me at all,Would not trust me at all,Would not trust me at all,why are the only questions about lying in office?,Lying is rarely okay.,"again, why do you ask only about lying in office?",NA,NA,NA,NA,relative_first,1,7/27/21 13:32,7/27/21 13:35,0,NA,1.460958097,township,39,OH,NA,NA,NA,Male,0.17 to 0.27,2422 to 8774,"[,0.12]",0.37 to 1.0
CP_11523700,Would mostly trust me,Would completely trust me,Would not trust me at all,Would not trust me at all,Our constituents have a learned mistrust of politicians over the years. It is the duty of all public servants to be transparent and honest regarding the issues that are discussed.,Lying is never okay.,Lying is never ok,NA,NA,NA,NA,relative_first,1,7/27/21 12:38,7/27/21 12:43,0,NA,0.614437865,county,47,TN,NA,NA,NA,Male,0.27 to 1.0,8774+,"[0.12,0.96]",0.37 to 1.0
CP_21533613,Would completely trust me,NA,Would not trust me at all,Would not trust me at all,NA,NA,NA,NA,NA,NA,NA,relative_first,1,8/3/21 12:49,8/3/21 12:51,0,NA,1.243376225,municipality,37,NC,NA,NA,NA,NA,0 to 0.17,2422 to 8774,"[0.96,]",0.24 to 0.37
CP_18109584,Would completely trust me,NA,NA,NA,NA,NA,NA,NA,NA,NA,NA,absolute_first,1,7/27/21 13:06,7/27/21 13:07,0,NA,3.102515478,municipality,42,PA,NA,NA,NA,Male,0 to 0.17,0 to 2422,"[,0.12]",0.24 to 0.37
CP_21277323,NA,NA,Would not trust me at all,NA,NA,NA,NA,NA,NA,NA,NA,relative_first,1,8/3/21 13:13,8/3/21 13:13,0,NA,0.517032504,county,55,WI,NA,NA,Technical/trade school,Male,0.17 to 0.27,8774+,"[0.12,0.96]",0.37 to 1.0
CP_13996218,Would mostly trust me,Would mostly trust me,NA,NA,NA,NA,NA,NA,NA,NA,NA,absolute_first,1,8/3/21 12:35,8/4/21 12:17,0,NA,0.744433196,municipality,37,NC,NA,NA,NA,Male,0.27 to 1.0,2422 to 8774,"[0.12,0.96]",0.37 to 1.0
CP_11595790,NA,NA,Would mostly trust me,Would mostly trust me,NA,NA,NA,NA,NA,NA,NA,relative_first,1,7/27/21 10:58,7/27/21 10:59,0,NA,1.058128318,municipality,42,PA,NA,NA,College graduate,Male,0 to 0.17,2422 to 8774,"[0.96,]",0.37 to 1.0
CP_21016006,Would mostly trust me,Would mostly trust me,NA,NA,NA,NA,NA,NA,NA,NA,NA,absolute_first,1,8/3/21 9:03,8/3/21 9:04,0,NA,1.122159147,county,48,TX,NA,NA,NA,Male,0.17 to 0.27,8774+,"[0.12,0.96]",0 to 0.24
CP_13788266,Would completely trust me,Would completely trust me,Would not trust me at all,Would not trust me at all,NA,Lying is never okay.,The truth will always set you free.,I never lie.,I learned at an early age that lying only leads to more trouble.,Lying is never okay.,If I lied once I would never be trusted again.,absolute_first,1,7/27/21 10:50,7/27/21 10:55,0,NA,1.460958097,municipality,48,TX,NA,NA,NA,Male,0.17 to 0.27,0 to 2422,"[,0.12]",0 to 0.24
CP_13513194,Would completely trust me,Would completely trust me,Would not trust me at all,Would not trust me at all,Transparency is a critical component to building trust with the public.  Even the slightest hint at not being forthcoming with the truth erodes any level of trust.  It's always best to be honest even when it may not be popular.,Lying is rarely okay.,Sometimes we aren't completely honest with kids because they may not be able to comprehend and you don't want to hurt their feelings. ,NA,NA,NA,NA,absolute_first,1,8/3/21 8:43,8/3/21 8:49,0,NA,0.874762088,municipality,37,NC,NA,NA,NA,Male,0.27 to 1.0,2422 to 8774,"[,0.12]",0.24 to 0.37
CP_21730814,Would mostly trust me,Would only trust me a little,Would only trust me a little,Would not trust me at all,NA,NA,NA,NA,NA,NA,NA,relative_first,1,8/3/21 8:30,8/3/21 8:32,0,NA,0.498267018,municipality,55,WI,NA,NA,NA,Female,0.27 to 1.0,8774+,"[0.96,]",0.37 to 1.0
CP_13648794,Would mostly trust me,NA,NA,NA,NA,NA,NA,NA,NA,NA,NA,absolute_first,1,8/3/21 8:21,8/3/21 8:22,0,NA,1.058128318,municipality,6,CA,NA,NA,Graduate degree,Female,0 to 0.17,8774+,"[0.96,]",0.37 to 1.0
CP_11659008,Would completely trust me,NA,NA,NA,NA,NA,NA,NA,NA,NA,NA,absolute_first,1,7/27/21 10:32,7/27/21 10:32,0,NA,0.498267018,municipality,29,MO,NA,NA,NA,Female,0.27 to 1.0,2422 to 8774,"[0.96,]",0.37 to 1.0
CP_11377145,Would mostly trust me,Would mostly trust me,Would not trust me at all,Would not trust me at all,"Credibility is largely based on the politician's reputation in the community. In addition, I see much distrust of the media and their heavy bias against conservatives.  Many in the community won't believe negative media coverage against conservatives.",Lying is never okay.,One may be selective in what he says and doesn't say.  But lying by an elected official is never acceptable in my opinion. ,I never lie.,"I just don't.  I may be misinformed on issues from time to time, but I never lie.  In public or in private.  Simple as that.",Lying is never okay.,You'll never gain a constituent's trust if they know you may be lying to them.  That's basic. ,absolute_first,1,7/27/21 8:55,7/27/21 9:10,0,NA,0.530995847,county,39,OH,NA,NA,NA,Male,0.17 to 0.27,8774+,"[0.12,0.96]",0.24 to 0.37
CP_13412900,NA,NA,Would not trust me at all,NA,NA,NA,NA,NA,NA,NA,NA,relative_first,1,7/27/21 9:37,7/27/21 9:37,0,NA,0.614437865,county,6,CA,NA,NA,NA,Female,0.27 to 1.0,8774+,"[0.96,]",0.37 to 1.0
CP_21874336,Would mostly trust me,NA,Would not trust me at all,Would not trust me at all,NA,NA,NA,NA,NA,NA,NA,relative_first,1,8/3/21 7:53,8/3/21 8:00,0,NA,1.298498047,county,30,MT,NA,NA,NA,Male,0.27 to 1.0,8774+,"[0.12,0.96]",0.37 to 1.0
CP_21783006,Would mostly trust me,Would only trust me a little,Would only trust me a little,Would not trust me at all,NA,Lying is rarely okay.,NA,I rarely lie.,Dont want to hurt somebody,Lying is never okay.,NA,absolute_first,1,7/27/21 8:15,7/27/21 8:18,0,NA,3.102515478,township,42,PA,NA,NA,NA,Male,0 to 0.17,0 to 2422,"[,0.12]",0.24 to 0.37
CP_21626824,NA,NA,Would only trust me a little,Would not trust me at all,NA,NA,NA,NA,NA,NA,NA,relative_first,1,8/3/21 7:44,8/3/21 7:46,0,NA,0.498267018,municipality,34,NJ,NA,NA,NA,Male,0.27 to 1.0,8774+,"[0.96,]",0.37 to 1.0
CP_13876975,NA,NA,Would not trust me at all,Would not trust me at all,NA,NA,NA,NA,NA,NA,NA,relative_first,1,8/3/21 7:26,8/3/21 7:29,0,NA,1.243293143,township,36,NY,NA,NA,NA,Male,0.17 to 0.27,0 to 2422,"[,0.12]",0.37 to 1.0
CP_13163709,Would not trust me at all,NA,NA,NA,NA,NA,NA,NA,NA,NA,NA,absolute_first,1,7/27/21 8:01,7/27/21 8:03,0,NA,0.498267018,municipality,39,OH,NA,NA,NA,Male,0.27 to 1.0,2422 to 8774,"[0.12,0.96]",0.37 to 1.0
CP_13957779,Would mostly trust me,NA,NA,NA,NA,NA,NA,NA,NA,NA,NA,absolute_first,1,8/3/21 7:19,8/3/21 7:20,0,NA,0.498267018,municipality,26,MI,NA,NA,NA,Male,0.27 to 1.0,8774+,"[0.96,]",0.37 to 1.0
CP_13356478,Would mostly trust me,Would only trust me a little,Would not trust me at all,Would not trust me at all,NA,Lying is never okay.,NA,NA,NA,NA,NA,relative_first,1,8/3/21 7:16,8/3/21 7:17,0,NA,0.744433196,township,26,MI,NA,NA,NA,Female,0.27 to 1.0,2422 to 8774,"[,0.12]",0.37 to 1.0
CP_11449434,Would not trust me at all,Would not trust me at all,Would not trust me at all,Would not trust me at all,You need to clarify what you mean by a lie.  There is saying something that is not true and there is not saying something that may be true.  What do you mean?,NA,NA,NA,NA,NA,NA,relative_first,1,7/27/21 7:41,7/27/21 7:48,0,NA,0.585499276,municipality,37,NC,NA,NA,NA,Male,0.27 to 1.0,2422 to 8774,"[0.12,0.96]",0.24 to 0.37
CP_21757734,NA,NA,Would not trust me at all,Would not trust me at all,NA,NA,NA,NA,NA,NA,NA,relative_first,1,8/1/21 11:33,8/1/21 11:36,0,NA,1.058128318,municipality,17,IL,NA,NA,NA,Male,0 to 0.17,8774+,"[0.96,]",0.37 to 1.0
CP_11591434,Would mostly trust me,Would not trust me at all,Would only trust me a little,Would somewhat trust me,NA,NA,NA,NA,NA,NA,NA,relative_first,1,7/27/21 7:06,7/27/21 7:14,0,NA,0.498267018,municipality,17,IL,NA,NA,NA,Male,0.27 to 1.0,8774+,"[0.96,]",0.37 to 1.0
CP_13497689,Would completely trust me,Would completely trust me,Would completely trust me,NA,NA,NA,NA,NA,NA,NA,NA,absolute_first,1,7/31/21 5:18,7/31/21 5:19,0,NA,1.243376225,municipality,37,NC,NA,NA,Graduate degree,Male,0.17 to 0.27,2422 to 8774,"[0.96,]",0.24 to 0.37
CP_21751421,Would mostly trust me,Would not trust me at all,Would not trust me at all,Would not trust me at all,I answered questions as if I was the constitute.   I believe in honesty .,Lying is never okay.,"Lying is not okay, I believe if you lie, you will steal and if you steal you will kill. Just saying. ",I never lie.,"Lying is not acceptable, under no circumstances. ",Lying is never okay.,Lying is never okay. ,absolute_first,1,8/2/21 18:26,8/2/21 18:43,0,NA,1.243376225,municipality,39,OH,NA,NA,NA,Female,0 to 0.17,8774+,"[0.96,]",0.24 to 0.37
CP_21997843,Would only trust me a little,Would not trust me at all,Would not trust me at all,Would not trust me at all,NA,NA,NA,NA,NA,NA,NA,absolute_first,1,8/1/21 7:40,8/9/21 4:53,0,NA,0.498267018,municipality,34,NJ,NA,NA,NA,Female,0.27 to 1.0,2422 to 8774,"[0.96,]",0.37 to 1.0
CP_19591761,Would completely trust me,Would completely trust me,Would completely trust me,Would completely trust me,I would Never tell anyone it is ok to lie!,Lying is never okay.,There is a special place in hell for those who lie. ,I never lie.,It is a sin to lie. ,Lying is never okay.,NA,relative_first,1,7/27/21 6:46,7/27/21 6:57,0,NA,2.262054493,county,47,TN,NA,NA,NA,Male,0 to 0.17,8774+,"[,0.12]",0 to 0.24
CP_11031516,Would somewhat trust me,NA,Would not trust me at all,Would not trust me at all,NA,NA,NA,NA,NA,NA,NA,relative_first,1,7/29/21 15:55,7/29/21 15:57,0,NA,1.238587181,county,46,SD,NA,NA,NA,Male,0.17 to 0.27,8774+,"[0.12,0.96]",0.24 to 0.37
CP_13933389,Would mostly trust me,NA,NA,NA,NA,NA,NA,NA,NA,NA,NA,absolute_first,1,7/23/21 20:10,7/23/21 20:11,0,NA,0.614437865,county,21,KY,NA,NA,NA,Male,0.27 to 1.0,8774+,"[0.12,0.96]",0.37 to 1.0
CP_12160679,Would mostly trust me,Would only trust me a little,Would only trust me a little,NA,NA,NA,NA,NA,NA,NA,NA,absolute_first,1,7/28/21 12:13,7/28/21 12:14,0,NA,0.585499276,municipality,8,CO,NA,NA,NA,Female,0.27 to 1.0,8774+,"[0.12,0.96]",0.24 to 0.37
CP_13158984,Would somewhat trust me,Would somewhat trust me,Would not trust me at all,Would not trust me at all,NA,NA,NA,NA,NA,NA,NA,relative_first,1,7/23/21 18:15,7/23/21 18:18,0,NA,0.614437865,county,15,HI,NA,NA,NA,Male,0.27 to 1.0,8774+,"[0.12,0.96]",0.37 to 1.0
CP_11794088,Would somewhat trust me,Would not trust me at all,Would not trust me at all,Would not trust me at all,NA,Lying is never okay.,NA,I never lie.,NA,Lying is never okay.,NA,relative_first,1,7/28/21 12:08,7/28/21 12:11,0,NA,0.614437865,county,49,UT,NA,NA,NA,Male,0.27 to 1.0,8774+,"[0.12,0.96]",0.24 to 0.37
CP_13569691,Would somewhat trust me,Would not trust me at all,Would not trust me at all,Would not trust me at all,NA,Lying is rarely okay.,"example:  someone asking you ""do I look fat"" - probably not always good to answer truthfully . . ",I rarely lie.,"back to previous example:  someone asking me if they look fat, I'm not going to say yes.",Lying is never okay.,Most constituents rarely have the time to delve into the nuance of a statement; so 'hedging' answers will probably be discounted,relative_first,1,7/23/21 13:02,7/23/21 13:11,1,0.44023093,0.498267018,municipality,53,WA,Republican,NA,Graduate degree,Male,0.17 to 0.27,8774+,"[0.96,]",0.37 to 1.0
CP_21578334,Would somewhat trust me,NA,NA,NA,NA,NA,NA,NA,NA,NA,NA,absolute_first,1,7/28/21 11:53,7/28/21 11:54,0,NA,3.102515478,municipality,37,NC,NA,NA,NA,Male,0 to 0.17,0 to 2422,"[,0.12]",0.37 to 1.0
CP_13358846,Would completely trust me,Would not trust me at all,Would not trust me at all,Would not trust me at all,"These scenarios are completely useless . You have asked a generic question to an unknown area and unknown idea if the population in question . You would be better to do a sample interview of portions of a community, people, and firm if government. Local officials hold more prestige than state or federal politicians . Therefore there morals are held to a higher standard. ",Lying is never okay.,A person only has their word and character. ,NA,NA,NA,NA,relative_first,1,7/23/21 16:50,7/23/21 16:58,0,NA,0.585499276,municipality,17,IL,NA,NA,NA,Male,0.17 to 0.27,2422 to 8774,"[0.96,]",0.24 to 0.37
CP_13652269,Would only trust me a little,NA,NA,NA,NA,NA,NA,NA,NA,NA,NA,absolute_first,1,7/23/21 10:31,7/27/21 8:29,0,NA,0.498267018,municipality,34,NJ,NA,NA,NA,Male,0.27 to 1.0,8774+,"[0.96,]",0.37 to 1.0
CP_11654732,Would completely trust me,Would only trust me a little,NA,NA,NA,NA,NA,NA,NA,NA,NA,absolute_first,1,7/23/21 9:30,7/23/21 9:31,0,NA,0.585499276,municipality,5,AR,NA,NA,NA,Female,0.27 to 1.0,8774+,"[0.12,0.96]",0.24 to 0.37
CP_13956616,NA,NA,Would only trust me a little,NA,NA,NA,NA,NA,NA,NA,NA,relative_first,1,7/23/21 7:54,7/23/21 7:56,0,NA,0.498267018,municipality,33,NH,NA,NA,NA,Male,0.27 to 1.0,8774+,"[0.96,]",0.37 to 1.0
CP_13842319,Would somewhat trust me,Would not trust me at all,Would not trust me at all,Would not trust me at all,NA,Lying is never okay.,NA,I never lie.,NA,Lying is never okay.,NA,relative_first,1,7/28/21 9:13,7/28/21 9:17,0,NA,0.498267018,municipality,32,NV,NA,NA,NA,Male,0.17 to 0.27,8774+,"[0.96,]",0.37 to 1.0
CP_13474141,Would mostly trust me,Would mostly trust me,Would not trust me at all,Would not trust me at all,I believe that it is never okay to lie to resident or business,Lying is never okay.,NA,NA,NA,NA,NA,absolute_first,1,7/28/21 7:16,7/28/21 7:18,0,NA,0.498267018,municipality,17,IL,NA,NA,NA,Male,0.27 to 1.0,8774+,"[0.96,]",0.37 to 1.0
CP_11551538,Would completely trust me,Would somewhat trust me,Would not trust me at all,Would somewhat trust me,NA,Lying is never okay.,NA,I never lie.,My beliefs are people lose faith in you,Lying is never okay.,No way can I lie for anyone,relative_first,NA,7/22/21 11:20,7/27/21 12:23,1,0.773156676,0.517032504,county,37,NC,Republican,NA,College graduate,Female,0.17 to 0.27,8774+,"[0.12,0.96]",0.37 to 1.0
CP_11487460,Would mostly trust me,Would mostly trust me,Would not trust me at all,Would not trust me at all,I am appalled at the lack of honesty and disinformation in our political system today.,Lying is never okay.,"I take honesty and character very serious, I demand it from myself and those I surround myself with.",I rarely lie.,I'm just not going to tell any woman I don't like her new hairstyle.,Lying is never okay.,I don't trust anyone that lies. ,relative_first,1,7/23/21 6:01,7/23/21 7:22,0,NA,0.530995847,county,35,NM,NA,NA,NA,NA,0 to 0.17,8774+,"[0.12,0.96]",0 to 0.24
CP_11487334,Would mostly trust me,Would only trust me a little,Would only trust me a little,Would only trust me a little,NA,NA,NA,NA,NA,NA,NA,absolute_first,1,7/23/21 5:08,7/27/21 7:13,0,NA,0.498267018,municipality,37,NC,NA,NA,NA,Male,0.27 to 1.0,8774+,"[0.96,]",0.37 to 1.0
CP_21448404,Would completely trust me,Would not trust me at all,Would only trust me a little,Would only trust me a little,NA,NA,NA,NA,NA,NA,NA,absolute_first,1,7/28/21 6:43,7/28/21 6:47,0,NA,0.498267018,municipality,48,TX,NA,NA,NA,Female,0.17 to 0.27,8774+,"[0.96,]",0.37 to 1.0
CP_11044499,Would mostly trust me,Would somewhat trust me,Would somewhat trust me,NA,NA,Lying is never okay.,NA,I rarely lie.,NA,Lying is never okay.,NA,absolute_first,NA,7/22/21 6:58,7/22/21 7:00,0,NA,1.460958097,township,26,MI,NA,NA,NA,NA,0.17 to 0.27,0 to 2422,"[,0.12]",0.24 to 0.37
CP_11374765,NA,NA,NA,NA,NA,Lying is never okay.,just isn't right,I never lie.,NA,NA,NA,relative_first,NA,7/22/21 6:54,7/22/21 6:56,0,NA,1.857659657,township,26,MI,NA,NA,NA,Male,0 to 0.17,2422 to 8774,"[0.12,0.96]",0.24 to 0.37
CP_17984229,NA,NA,NA,NA,NA,Lying is never okay.,You tell how it is ,I never lie.,NA,NA,NA,absolute_first,NA,7/20/21 11:11,7/20/21 11:15,0,NA,3.102515478,township,42,PA,NA,NA,NA,Male,0 to 0.17,0 to 2422,"[,0.12]",0 to 0.24
CP_12244252,NA,NA,NA,NA,NA,Lying is never okay.,Clear is kind and so is the truth. ,NA,NA,NA,NA,absolute_first,NA,7/20/21 10:07,7/27/21 8:16,0,NA,0.498267018,municipality,24,MD,NA,NA,NA,Female,0.27 to 1.0,2422 to 8774,"[0.96,]",0.37 to 1.0