ID,StartDate,EndDate,Politican_Similarity,Gender,Age,Affiliation,Study Purpose,Attention Check 1,Attention Check 2,Condition,Proclamation,Voting,Hypocrisy_1,Hypocrisy_2,Hypocrisy_3,Hypocrisy_4,Hypocrisy_5,Moral_1,Moral_2,Moral_3,Honest_frequency,Honest_likelihood,Honest_extreme,Honest_committment,Social_1,Social_2,Discount,Goals
1,12/30/20 15:40,12/30/20 15:43,No,Female,30,Democrat,Judging a politician based on lying.,He suggested that lying is never acceptable in politics.,"Yes, he did lie about his campaign contributions.",1,absolute,4,6,5,4,5,7,3,3,3,5,2,4,2,3,3,5,4
2,12/30/20 15:40,12/30/20 15:43,no one in particular,Male,29,Democrat,"To determine how a politician's statements, stripped of their party affiliation, affects judgments of their truthfulness.",,"Yes, he did lie about his campaign contributions.",3,control,6,2,2,2,2,2,5,5,5,5,5,2,5,NA,NA,4,3
3,12/30/20 15:40,12/30/20 15:43,All of them.,Male,32,Democrat,if people care at all about politicians lying about certain things,,"Yes, he did lie about his campaign contributions.",3,control,5,4,3,4,5,3,3,3,3,4,2,2,3,NA,NA,5,5
4,12/30/20 15:41,12/30/20 15:44,I take seriously,Male,35,Democrat,Decission,He suggested that lying is never acceptable in politics.,"Yes, he did lie about his campaign contributions.",1,absolute,6,5,7,6,7,6,7,6,5,2,3,6,5,5,6,5,6
5,12/30/20 15:40,12/30/20 15:44,It brought to mind most politicians unfortunately.,Female,56,Other,If politicians are moral people or not.,He suggested that lying is never acceptable in politics.,"Yes, he did lie about his campaign contributions.",1,absolute,2,6,6,6,6,6,2,2,2,2,2,4,2,5,5,5,6
6,12/30/20 15:40,12/30/20 15:44,pelosi,Male,44,Republican,political lies,,"Yes, he did lie about his campaign contributions.",3,control,3,5,4,4,5,5,3,2,4,5,3,2,2,NA,NA,3,5
7,12/30/20 15:41,12/30/20 15:45,Joe Biden,Male,33,Republican,Thoughts on lying and politics,He suggested that lying is sometimes acceptable in politics.,"Yes, he did lie about his campaign contributions.",2,flexible,3,5,6,6,6,5,2,2,2,4,2,2,2,2,2,6,6
8,12/30/20 15:41,12/30/20 15:45,no,Male,59,Republican,To see how different people react to lies. ,,"Yes, he did lie about his campaign contributions.",3,control,6,5,5,5,4,5,4,4,3,6,4,4,4,NA,NA,3,2
9,12/30/20 15:42,12/30/20 15:45,Nobody,Male,28,Democrat,Not sure to be honest,He suggested that lying is sometimes acceptable in politics.,"Yes, he did lie about his campaign contributions.",2,flexible,4,4,4,5,4,5,6,3,4,5,4,4,3,4,3,4,3
10,12/30/20 15:42,12/30/20 15:45,No,Male,29,Republican,I am unsure.,He suggested that lying is sometimes acceptable in politics.,"Yes, he did lie about his campaign contributions.",2,flexible,2,6,6,6,6,6,1,1,1,3,1,5,1,2,2,5,5
11,12/30/20 15:41,12/30/20 15:45,"No specifics, but politicians in general",Male,35,Democrat,Perception of political figures,,"Yes, he did lie about his campaign contributions.",3,control,5,6,6,7,7,6,2,3,2,4,2,2,2,NA,NA,4,5
12,12/30/20 15:41,12/30/20 15:45,Almost all of them.,Female,37,Democrat,I don't know.,,"Yes, he did lie about his campaign contributions.",3,control,3,4,2,7,7,7,1,1,1,4,1,1,1,NA,NA,6,6
13,12/30/20 15:41,12/30/20 15:45,It did not,Female,31,Other,People's perceptions on their opinions of behaviors involving politicians. ,He suggested that lying is never acceptable in politics.,"Yes, he did lie about his campaign contributions.",1,absolute,3,5,5,5,5,5,4,2,3,5,3,2,2,5,5,4,3
14,12/30/20 15:41,12/30/20 15:45,Kamala Harris,Male,25,Democrat,I'm not certain,He suggested that lying is never acceptable in politics.,"Yes, he did lie about his campaign contributions.",1,absolute,6,6,7,6,6,6,2,2,2,2,1,1,1,6,6,6,5
15,12/30/20 15:40,12/30/20 15:45,"No, though I'm sure plenty of people that ran recently complained about dark money, and then accepted PAC money anyway.",Male,37,Other,To determine whether hypocrisy lowers someone's likelihood of voting for a candidate whose policies they hypothetically agree with,,"Yes, he did lie about his campaign contributions.",3,control,3,4,4,5,5,4,3,3,3,5,3,2,2,NA,NA,3,4
16,12/30/20 15:43,12/30/20 15:45,All of them,Male,39,Republican,How much lying is acceptable if we support other portions of a politicians stance.,,"Yes, he did lie about his campaign contributions.",3,control,5,6,4,5,6,4,3,3,3,4,3,1,3,NA,NA,4,4
17,12/30/20 15:41,12/30/20 15:45,none in particular,Female,23,Democrat,Whether transparency about bad actions influences how people view people when they commit these actions,He suggested that lying is sometimes acceptable in politics.,"Yes, he did lie about his campaign contributions.",2,flexible,3,4,3,6,6,2,2,2,1,2,2,2,1,1,2,6,6
18,12/30/20 15:40,12/30/20 15:45,no,Male,45,Democrat,Judgements,He suggested that lying is sometimes acceptable in politics.,"Yes, he did lie about his campaign contributions.",2,flexible,2,7,5,6,6,3,2,2,2,4,1,4,2,1,1,4,4
19,12/30/20 15:41,12/30/20 15:45,Most republicans,Male,27,Democrat,Not sure,He suggested that lying is sometimes acceptable in politics.,"Yes, he did lie about his campaign contributions.",2,flexible,4,2,2,6,6,2,2,2,2,4,2,1,2,2,2,5,5
20,12/30/20 15:43,12/30/20 15:46,None in particular.,Male,22,Democrat,To judge the participant's perception of politics. ,,"Yes, he did lie about his campaign contributions.",3,control,5,3,2,3,3,3,3,4,3,5,5,5,4,NA,NA,3,3
21,12/30/20 15:40,12/30/20 15:46,"Donald Trump, Beto O'Rourke... pretty much all the politicians. There are very few who don't lie from time to time.",Male,32,Republican,To see if people associate negative behaviors in a generic politician with someone they already don't like.,,"Yes, he did lie about his campaign contributions.",3,control,4,6,6,5,5,4,3,4,3,5,2,2,1,NA,NA,4,4
22,12/30/20 15:42,12/30/20 15:46,Trump I guess ,Female,38,Republican,judge people's views about honesty? ,He suggested that lying is never acceptable in politics.,"Yes, he did lie about his campaign contributions.",1,absolute,3,7,5,6,7,7,2,2,2,4,2,3,1,5,4,5,6
23,12/30/20 15:43,12/30/20 15:46,No,Female,28,Republican,The purpose was to study how people perceive honesty among politicians. ,He suggested that lying is never acceptable in politics.,"Yes, he did lie about his campaign contributions.",1,absolute,1,7,6,7,6,7,1,2,1,4,1,1,1,6,6,4,4
24,12/30/20 15:41,12/30/20 15:46,Yes many of them!,Male,39,Democrat,Honesty and perception.,He suggested that lying is never acceptable in politics.,"Yes, he did lie about his campaign contributions.",1,absolute,4,5,3,5,5,7,4,3,3,3,2,7,2,2,2,5,6
25,12/30/20 15:41,12/30/20 15:46,"none that I can think of, other than all of them bend the truth",Male,71,Other,how people measure moral and ethical behavior,,"Yes, he did lie about his campaign contributions.",3,control,2,4,3,3,3,5,4,4,2,5,1,3,2,NA,NA,4,3
26,12/30/20 15:42,12/30/20 15:46,"Not off the top of my head. But most politicians will say what the people want to hear, provide lip service in order to receive votes.",Male,30,Republican,my observations and opinions about a political candidate who purports lying is immoral and does not do it.,He suggested that lying is never acceptable in politics.,"Yes, he did lie about his campaign contributions.",1,absolute,2,6,6,6,6,7,3,2,2,4,2,2,2,2,2,5,5
27,12/30/20 15:42,12/30/20 15:46,Not that I know of.,Female,28,Democrat,To gauge moral qualities with voting preferences.,,"Yes, he did lie about his campaign contributions.",3,control,5,5,4,4,3,4,3,3,3,3,2,2,2,NA,NA,6,6
28,12/30/20 15:41,12/30/20 15:46,"No particular politicians, more like all of them as a group.",Male,38,Democrat,Honesty and integrity of political candidates,He suggested that lying is never acceptable in politics.,"Yes, he did lie about his campaign contributions.",1,absolute,4,5,6,5,5,7,4,5,4,5,2,3,3,3,2,3,4
29,12/30/20 15:42,12/30/20 15:46,"No, not really. Maybe every single politician?",Female,52,Democrat,I have no idea.,He suggested that lying is never acceptable in politics.,"Yes, he did lie about his campaign contributions.",1,absolute,6,4,4,5,5,6,4,4,5,4,1,2,4,6,6,4,5
30,12/30/20 15:41,12/30/20 15:46,practically all of them,Female,62,Democrat,I don't know the purpose.,He suggested that lying is never acceptable in politics.,"Yes, he did lie about his campaign contributions.",1,absolute,2,5,6,7,6,7,3,3,2,5,2,4,2,7,6,3,3
31,12/30/20 15:42,12/30/20 15:46,"Yes, the two senators from Georgia (Republicans).",Male,33,Democrat,To judge how party affiliation influences the acceptability of lying.,He suggested that lying is sometimes acceptable in politics.,"Yes, he did lie about his campaign contributions.",2,flexible,2,7,7,7,7,6,2,3,2,2,1,2,1,2,1,6,6
32,12/30/20 15:42,12/30/20 15:46,no,Male,23,Other,Political perceptions about lying politicians,He suggested that lying is never acceptable in politics.,"Yes, he did lie about his campaign contributions.",1,absolute,4,4,5,5,5,4,2,2,2,3,3,4,3,5,5,5,5
33,12/30/20 15:42,12/30/20 15:46,Mitch Mcconell,Male,38,Other,To see if we relate a specific politician to someone who lies.,He suggested that lying is sometimes acceptable in politics.,"Yes, he did lie about his campaign contributions.",2,flexible,2,6,6,6,6,6,1,1,1,5,1,2,2,1,1,4,5
34,12/30/20 15:42,12/30/20 15:46,All of them.  99.9 % of them.  With the exception of Bernie.,Male,49,Democrat,see if people think politicians are liars.,,"Yes, he did lie about his campaign contributions.",3,control,3,6,3,6,6,3,2,2,2,2,1,1,1,NA,NA,6,7
35,12/30/20 15:41,12/30/20 15:46,Not especially,Female,57,Republican,Do get my views on the severity of politicians lying,He suggested that lying is never acceptable in politics.,"Yes, he did lie about his campaign contributions.",1,absolute,1,6,6,6,6,7,2,2,2,3,2,2,1,4,4,5,5
36,12/30/20 15:41,12/30/20 15:46,"I mean, no one specifically but I would be hard pressed to believe no politician has ever not lied. ",Male,31,Republican,To get our opinion on politicians and their honesty?,He suggested that lying is never acceptable in politics.,"Yes, he did lie about his campaign contributions.",1,absolute,2,4,6,5,5,6,3,3,2,5,3,2,2,3,2,5,4
37,12/30/20 15:44,12/30/20 15:46,Yes,Female,30,Other,Not sure,,"Yes, he did lie about his campaign contributions.",3,control,4,4,4,4,4,4,3,3,3,4,4,5,3,NA,NA,4,3
38,12/30/20 15:40,12/30/20 15:47,No,Male,28,Democrat,Finding out opinions ,He suggested that lying is sometimes acceptable in politics.,"Yes, he did lie about his campaign contributions.",2,flexible,5,2,3,6,6,4,5,5,5,3,2,3,3,5,1,5,4
39,12/30/20 15:41,12/30/20 15:47,President Trump,Male,45,Republican,To understand thoughts on lying in politics.,He suggested that lying is sometimes acceptable in politics.,"Yes, he did lie about his campaign contributions.",2,flexible,3,3,3,4,4,3,4,3,3,5,3,2,2,2,1,4,5
40,12/30/20 15:43,12/30/20 15:47,most of them,Male,49,Democrat,if lying is acceptable in politics,He suggested that lying is sometimes acceptable in politics.,"Yes, he did lie about his campaign contributions.",2,flexible,3,2,2,2,3,2,4,4,4,4,2,2,2,2,2,4,4
41,12/30/20 15:41,12/30/20 15:47,"Marco Rubio, Ted Cruz, Ron DeSantis",Male,37,Republican,Whether we feel politicians are allowed certain leeway with lying.,He suggested that lying is sometimes acceptable in politics.,"Yes, he did lie about his campaign contributions.",2,flexible,2,6,6,6,6,6,2,2,2,5,2,2,2,2,2,4,4
42,12/30/20 15:44,12/30/20 15:47,no,Female,30,Republican,To see if I think lying in politics is acceptable.,He suggested that lying is sometimes acceptable in politics.,"Yes, he did lie about his campaign contributions.",2,flexible,3,6,7,6,6,6,2,2,2,3,2,2,2,1,1,6,6
43,12/30/20 15:40,12/30/20 15:47,"Yes...Nancy Pelosi, Donald Trump, Kamala Harris, George Bush",Female,53,Republican,To see how we felt about a politician lying.,He suggested that lying is never acceptable in politics.,"Yes, he did lie about his campaign contributions.",1,absolute,2,7,7,7,7,7,1,1,1,2,1,2,1,5,5,6,6
44,12/30/20 15:41,12/30/20 15:47,He reminds me of many politicians.,Male,34,Democrat,To see how I evaluate a politician.,He suggested that lying is sometimes acceptable in politics.,"Yes, he did lie about his campaign contributions.",2,flexible,2,4,4,3,4,3,2,2,2,4,2,2,2,2,3,4,4
45,12/30/20 15:41,12/30/20 15:47,"Pritzger, Blagoavich, Dick Chaney...etc",Female,31,Republican,Personal opinions,,"Yes, he did lie about his campaign contributions.",3,control,3,4,4,3,3,5,4,4,4,5,4,6,3,NA,NA,3,3
46,12/30/20 15:42,12/30/20 15:47,no,Male,34,Democrat,   I think the purpose of the study was to understand how people make judgments.,,"Yes, he did lie about his campaign contributions.",3,control,5,3,5,3,3,5,6,6,5,6,5,4,5,NA,NA,2,3
47,12/30/20 15:42,12/30/20 15:47,no,Male,42,Democrat,to judge a person by his actions,He suggested that lying is sometimes acceptable in politics.,"Yes, he did lie about his campaign contributions.",2,flexible,1,6,6,7,6,7,1,1,1,1,1,1,1,1,1,7,4
48,12/30/20 15:43,12/30/20 15:47,"Yes, most of them.",Male,50,Democrat,I don't know,,"Yes, he did lie about his campaign contributions.",3,control,3,7,7,7,7,7,3,3,3,2,1,1,1,NA,NA,6,5
49,12/30/20 15:43,12/30/20 15:47,No.,Female,25,Democrat,I think the purpose of this study was to gauge how people viewed this politician after he lied.,He suggested that lying is never acceptable in politics.,"Yes, he did lie about his campaign contributions.",1,absolute,2,5,6,5,5,6,2,2,2,4,3,7,2,5,5,4,3
50,12/30/20 15:42,12/30/20 15:47,Ted Cruz,Female,24,Democrat,To gauge whether our opinions of liars could influence our desire to vote for them in politics,,"Yes, he did lie about his campaign contributions.",3,control,4,3,6,3,4,5,4,4,3,5,3,3,2,NA,NA,3,2
51,12/30/20 15:45,12/30/20 15:47,Many of them.,Female,28,Democrat,To see how people evaluate dishonesty from politicians.,,"Yes, he did lie about his campaign contributions.",3,control,2,6,7,6,6,5,2,2,2,2,2,2,2,NA,NA,5,6
52,12/30/20 15:41,12/30/20 15:47,No,Male,31,Other,Answering questions about a hypothetical candidate for a vacant seat in the senate,,"Yes, he did lie about his campaign contributions.",3,control,5,5,6,5,5,6,4,5,4,5,3,4,4,NA,NA,4,4
53,12/30/20 15:44,12/30/20 15:47,Donald Trump,Female,24,Democrat,Good example.,He suggested that lying is sometimes acceptable in politics.,"Yes, he did lie about his campaign contributions.",2,flexible,6,7,7,7,7,7,1,1,1,5,1,4,1,1,7,6,6
54,12/30/20 15:44,12/30/20 15:48,Trump,Male,36,Republican,To find out our morality.. ,,"Yes, he did lie about his campaign contributions.",3,control,4,4,5,4,4,4,4,4,5,3,3,4,4,NA,NA,4,4
55,12/30/20 15:42,12/30/20 15:48,all of them,Male,41,Other,politicians lying,He suggested that lying is never acceptable in politics.,"Yes, he did lie about his campaign contributions.",1,absolute,4,6,6,6,6,6,3,3,2,3,1,4,2,4,5,5,3
56,12/30/20 15:40,12/30/20 15:48,Many but no one specifically. Beto O'Rourke a little bit.,Male,34,Democrat,Determining how different groups feel about certain absolute statements,He suggested that lying is never acceptable in politics.,"Yes, he did lie about his campaign contributions.",1,absolute,4,7,7,7,7,7,2,3,2,3,1,1,1,3,3,6,7
57,12/30/20 15:41,12/30/20 15:48,"None I can think of, they all pretty much lie.",Male,43,Democrat,Views of truth telling in elections.,He suggested that lying is never acceptable in politics.,"Yes, he did lie about his campaign contributions.",1,absolute,2,7,7,6,6,6,2,3,2,3,2,6,1,4,2,4,5
58,12/30/20 15:43,12/30/20 15:48,trump,Male,58,Democrat,do we accept that politicians lie,He suggested that lying is sometimes acceptable in politics.,"Yes, he did lie about his campaign contributions.",2,flexible,1,6,2,2,5,2,1,1,1,3,1,2,1,1,1,6,6
59,12/30/20 15:45,12/30/20 15:48,Donald Trump,Male,36,Other,I am not sure,He suggested that lying is never acceptable in politics.,"Yes, he did lie about his campaign contributions.",1,absolute,2,7,7,7,6,7,2,2,2,3,1,5,1,6,6,5,5
60,12/30/20 15:40,12/30/20 15:48,none,Male,27,Democrat,perception of a politician,He suggested that lying is sometimes acceptable in politics.,"Yes, he did lie about his campaign contributions.",2,flexible,1,6,7,7,7,7,2,2,1,3,1,2,1,1,3,5,5
61,12/30/20 15:46,12/30/20 15:49,No,Male,33,Democrat,unsure,,"Yes, he did lie about his campaign contributions.",3,control,4,4,4,5,4,6,3,3,3,5,5,3,2,NA,NA,4,4
62,12/30/20 15:44,12/30/20 15:49,"Although I didn't necessarily think of him as similar to Donald Trump, the fact that he lied in an easily disproven way reminded me of all the times Trump has done the same.",Male,33,Democrat,To understand how people form perceptions of political candidates.,,"Yes, he did lie about his campaign contributions.",3,control,3,5,5,5,5,4,3,3,2,4,2,2,2,NA,NA,4,4
63,12/30/20 15:44,12/30/20 15:49,This description is like many politicians who lie.,Male,37,Democrat,Perceptions of morality and ethics in political candidates,,"Yes, he did lie about his campaign contributions.",3,control,4,5,5,5,5,5,3,3,3,4,2,2,3,NA,NA,4,4
64,12/30/20 15:44,12/30/20 15:49,Trump,Female,37,Democrat,How we view politicians,,"Yes, he did lie about his campaign contributions.",3,control,2,7,6,7,7,6,2,2,2,4,2,5,2,NA,NA,6,5
65,12/30/20 15:46,12/30/20 15:49,no,Female,31,Democrat,Perception of a candidate,He suggested that lying is never acceptable in politics.,"Yes, he did lie about his campaign contributions.",1,absolute,4,5,5,4,4,6,3,3,3,5,3,5,2,5,5,4,3
66,12/30/20 15:44,12/30/20 15:49,Not anyone specific,Female,54,Democrat,To determine whether information deemed as a lie would affect a candidate's chances.,,"Yes, he did lie about his campaign contributions.",3,control,2,7,6,6,6,6,2,2,1,2,1,2,1,NA,NA,6,6
67,12/30/20 15:42,12/30/20 15:49,Trump,Male,30,Other,If it is okay to lie as a politician.,He suggested that lying is sometimes acceptable in politics.,"Yes, he did lie about his campaign contributions.",2,flexible,2,4,5,6,4,4,1,1,1,1,1,1,1,1,2,7,7
68,12/30/20 15:44,12/30/20 15:49,Most of them.  They will say anything to get elected. ,Male,70,Republican,To see what I thought about politicians.,He suggested that lying is never acceptable in politics.,"Yes, he did lie about his campaign contributions.",1,absolute,2,4,6,6,5,6,2,3,2,5,4,5,3,5,6,3,1
69,12/30/20 15:44,12/30/20 15:49,Trump,Female,58,Democrat,lying ,He suggested that lying is sometimes acceptable in politics.,"Yes, he did lie about his campaign contributions.",2,flexible,1,6,6,6,6,6,1,1,1,4,1,1,1,1,1,7,7
70,12/30/20 15:46,12/30/20 15:49,"Hahaha, nice one. Trump, of course.",Male,58,Democrat,"Hard to say, honestly...",He suggested that lying is never acceptable in politics.,"Yes, he did lie about his campaign contributions.",1,absolute,2,6,6,6,6,6,2,2,2,6,3,2,2,6,6,4,4
71,12/30/20 15:45,12/30/20 15:49,no,Male,48,Other,how people feel about lying poiticians,,"Yes, he did lie about his campaign contributions.",3,control,1,7,6,7,6,4,2,2,1,3,1,2,2,NA,NA,6,6
72,12/30/20 15:44,12/30/20 15:49,no,Male,28,Democrat,Feelings towards political candidates,He suggested that lying is never acceptable in politics.,"Yes, he did lie about his campaign contributions.",1,absolute,2,6,6,6,6,6,2,2,2,4,3,2,2,4,4,4,4
73,12/30/20 15:43,12/30/20 15:49,No one in particular.,Male,35,Democrat,Maybe the purpose was to see how and when people value honesty in politics.,He suggested that lying is sometimes acceptable in politics.,"Yes, he did lie about his campaign contributions.",2,flexible,4,4,3,6,6,3,3,3,2,2,1,1,2,2,2,6,7
74,12/30/20 15:43,12/30/20 15:49,"Yes, Bill Clinton",Male,57,Republican,Determine whether ethics influence likely voters,He suggested that lying is sometimes acceptable in politics.,"Yes, he did lie about his campaign contributions.",2,flexible,2,7,6,7,6,6,1,2,2,2,1,1,2,1,1,6,6
75,12/30/20 15:44,12/30/20 15:49,All of them in a way. They all lie. A lot. But nobody specific in particular since I don't think any of them admit to lying. ,Male,36,Other,"Beyond evaluating the candidate, I haven't the faintest idea.",He suggested that lying is sometimes acceptable in politics.,"Yes, he did lie about his campaign contributions.",2,flexible,1,2,1,4,4,2,3,4,1,3,1,2,1,2,2,6,6
76,12/30/20 15:42,12/30/20 15:49,"Trump, Graham. McConnell, Rubio, Cruz........",Male,63,Democrat,Tolerance for lying?,He suggested that lying is sometimes acceptable in politics.,"Yes, he did lie about his campaign contributions.",2,flexible,1,6,4,6,7,2,1,1,1,3,1,5,1,1,1,5,6
77,12/30/20 15:46,12/30/20 15:49,Not really,Male,33,Democrat,No idea,,"Yes, he did lie about his campaign contributions.",3,control,6,5,4,4,4,2,4,4,4,4,3,3,5,NA,NA,4,4
78,12/30/20 15:46,12/30/20 15:49,Not anyone specifically.,Female,33,Other,To see how the public reacts to a liar or deception in politics.,,"Yes, he did lie about his campaign contributions.",3,control,1,7,7,7,7,7,1,1,1,2,1,2,1,NA,NA,6,6
79,12/30/20 15:40,12/30/20 15:49,All of them,Female,53,Democrat,Unsure but probably about how acceptable people judge lies to be in politics,He suggested that lying is never acceptable in politics.,"Yes, he did lie about his campaign contributions.",1,absolute,2,6,6,6,6,6,2,2,2,2,1,2,2,4,4,5,7
80,12/30/20 15:44,12/30/20 15:49,"I thought about the run-off in Georgia, but not specific person came to mind. ",Female,30,Democrat,If lying makes us think less of poliiticians or if we know them to be liars so lying has no impact on our judgement ,He suggested that lying is sometimes acceptable in politics.,"Yes, he did lie about his campaign contributions.",2,flexible,1,4,4,7,7,5,1,2,1,2,2,2,1,2,2,6,6
81,12/30/20 15:47,12/30/20 15:49,Nancy Pelosi,Male,38,Republican,I'm not sure. Happy New Year!,,"Yes, he did lie about his campaign contributions.",3,control,1,7,7,7,7,7,1,1,1,2,1,1,2,NA,NA,6,6
82,12/30/20 15:44,12/30/20 15:49,It brings to mind many politicians that say one thing and do another. ,Female,33,Democrat,How we judge a candidate after we receive more information about their true character. ,,"Yes, he did lie about his campaign contributions.",3,control,3,5,5,6,4,5,2,2,2,3,4,2,2,NA,NA,5,5
83,12/30/20 15:43,12/30/20 15:49,no,Male,35,Other,to see if politicians who admit to lying are supported when they lie?,He suggested that lying is sometimes acceptable in politics.,"Yes, he did lie about his campaign contributions.",2,flexible,2,3,4,4,6,2,2,2,2,4,2,1,2,1,2,4,4
84,12/30/20 15:44,12/30/20 15:49,Yes,Female,56,Other,No clue,,"Yes, he did lie about his campaign contributions.",3,control,3,6,3,6,6,6,2,2,2,2,2,1,1,NA,NA,6,6
85,12/30/20 15:45,12/30/20 15:50,"Yes, all the govenors/mayors who have been in the news lately for emphasizing covid lockdown restrictions then immediately doing the opposite",Prefer not to answer,49,Other,no idea,He suggested that lying is never acceptable in politics.,"Yes, he did lie about his campaign contributions.",1,absolute,3,5,6,5,6,6,3,3,3,4,2,2,2,5,5,4,5
86,12/30/20 15:45,12/30/20 15:50,any Republican in office right now ,Male,59,Democrat,to see how people feel about politicians that lie. ,,"Yes, he did lie about his campaign contributions.",3,control,3,6,6,6,6,7,2,2,2,4,2,3,2,NA,NA,5,5
87,12/30/20 15:46,12/30/20 15:50,No,Male,39,Democrat,To see how people feel about politicians who are honest about lying.,He suggested that lying is sometimes acceptable in politics.,"Yes, he did lie about his campaign contributions.",2,flexible,1,2,2,2,2,2,1,1,1,2,1,1,1,1,1,6,6
88,12/30/20 15:46,12/30/20 15:50,No.,Male,24,Democrat,Likelihood of voting for a politician after learning that they are being funded in part by a Super PAC.,,"Yes, he did lie about his campaign contributions.",3,control,2,7,6,6,6,5,2,1,2,4,4,4,2,NA,NA,5,4
89,12/30/20 15:41,12/30/20 15:50,no,Male,32,Democrat,Unsure--no guess,He suggested that lying is sometimes acceptable in politics.,"Yes, he did lie about his campaign contributions.",2,flexible,2,4,2,4,4,2,2,2,2,3,3,4,2,1,1,5,5
90,12/30/20 15:43,12/30/20 15:50,No,Male,33,Democrat,Testing if people trust a politician when they tell the truth about bad behavior.,He suggested that lying is sometimes acceptable in politics.,"Yes, he did lie about his campaign contributions.",2,flexible,2,7,5,6,7,5,2,2,1,2,1,1,1,1,1,5,4
91,12/30/20 15:40,12/30/20 15:50,no,Male,47,Republican,See how I feel about politicians lying. ,He suggested that lying is never acceptable in politics.,"Yes, he did lie about his campaign contributions.",1,absolute,2,6,7,5,6,6,2,2,2,4,1,2,1,7,7,4,5
92,12/30/20 15:45,12/30/20 15:50,Just about all of them. They'e all liars. The only difference is that he says it's OK. Most politicians wouldn't be that honest.,Male,64,Other,attitudes about lying,He suggested that lying is sometimes acceptable in politics.,"Yes, he did lie about his campaign contributions.",2,flexible,2,3,4,4,4,4,2,2,2,3,2,2,2,1,2,4,5
93,12/30/20 15:45,12/30/20 15:50,"No, I wasn't thinking about any other politician. ",Male,32,Republican,I think this was about opinions on lieing in politics. ,,"Yes, he did lie about his campaign contributions.",3,control,6,5,6,5,5,6,4,3,4,5,5,5,3,NA,NA,3,3
94,12/30/20 15:42,12/30/20 15:50,YES,Female,69,Republican,JUDGEMENT AND CHOICE,He suggested that lying is sometimes acceptable in politics.,"Yes, he did lie about his campaign contributions.",2,flexible,1,6,5,6,6,3,1,1,1,4,1,2,1,1,1,5,5
95,12/30/20 15:46,12/30/20 15:50,"most politician lie to some extent, so it reminds me of most politicians",Female,51,Republican,i do not know,,"Yes, he did lie about his campaign contributions.",3,control,5,2,3,5,2,5,6,6,6,7,6,4,4,NA,NA,2,2
96,12/30/20 15:41,12/30/20 15:50,no,Female,27,Democrat,I think the purpose was to see how people view politicians and their personal beliefs. ,He suggested that lying is sometimes acceptable in politics.,"Yes, he did lie about his campaign contributions.",2,flexible,2,5,6,6,6,6,2,2,2,2,1,6,1,1,1,6,6
97,12/30/20 15:47,12/30/20 15:50,"Not specific ones, just as a whole",Male,49,Republican,How we perceive moral/immoral behaviors in politics.,He suggested that lying is sometimes acceptable in politics.,"Yes, he did lie about his campaign contributions.",2,flexible,2,5,3,5,6,4,2,2,2,5,1,4,2,5,2,4,4
98,12/30/20 15:46,12/30/20 15:50,Donald Trump - it seems almost every word out of mouth is a provable lie.,Male,39,Democrat,How you feel about a lying politician that supports your views.,He suggested that lying is never acceptable in politics.,"Yes, he did lie about his campaign contributions.",1,absolute,2,7,7,7,7,7,2,2,2,2,1,2,2,7,6,6,6
99,12/30/20 15:46,12/30/20 15:50,Trump,Female,39,Democrat,perception of people,He suggested that lying is sometimes acceptable in politics.,"Yes, he did lie about his campaign contributions.",2,flexible,1,7,5,7,7,7,2,4,1,2,2,1,1,1,1,6,6
100,12/30/20 15:46,12/30/20 15:50,yes,Female,41,Democrat,To determine how people feel about politicians who lie about their funding.,,"Yes, he did lie about his campaign contributions.",3,control,4,5,5,5,5,6,3,3,3,5,5,4,4,NA,NA,4,4
101,12/30/20 15:43,12/30/20 15:50,"The obvious one was Trump because of the liberal feelings on lying but I don't think Trump sees lying as a complicated issue. He constant lies just to try and gain an advantage, he sees it more as a necessity. This politician could mean sometimes you have to tell smaller/whiter lies in order to get a larger societal good done. That may be what he means by ""complicated""",Male,37,Democrat,To see how we value the commonplace occurrence of lying in politics vs normal life. ,He suggested that lying is sometimes acceptable in politics.,"Yes, he did lie about his campaign contributions.",2,flexible,3,3,3,5,5,2,4,4,3,3,1,1,2,2,2,5,6
102,12/30/20 15:46,12/30/20 15:51,Donald Trump,Male,30,Other,Opinions on Trump's Behaviors without using his name,,"Yes, he did lie about his campaign contributions.",3,control,5,6,6,6,6,7,4,5,2,3,1,2,2,NA,NA,6,6
103,12/30/20 15:47,12/30/20 15:51,No.,Female,37,Other,I don't know.,He suggested that lying is sometimes acceptable in politics.,"Yes, he did lie about his campaign contributions.",2,flexible,3,2,2,3,2,2,3,3,4,5,3,2,2,1,2,4,4
104,12/30/20 15:45,12/30/20 15:51,"Not any specific ones, but most of them especially recently.",Female,44,Democrat,Perceptions of politicians,,"Yes, he did lie about his campaign contributions.",3,control,2,6,6,6,6,6,2,2,1,4,2,6,2,NA,NA,5,5
105,12/30/20 15:45,12/30/20 15:51,Donald Trump,Female,21,Republican,To see if people think lying a little is okay.,He suggested that lying is sometimes acceptable in politics.,"Yes, he did lie about his campaign contributions.",2,flexible,1,6,2,7,7,2,3,2,2,3,1,2,2,2,2,5,5
106,12/30/20 15:41,12/30/20 15:51,"I thought of Bush and the 'no new taxes' comment, however, there have been a lot of instances, like Obama telling people they could keep their insurance which didn't turn out to be true in all cases.",Female,43,Democrat,"To see how we feel about a politician who thinks lying is okay sometimes, possibly?",He suggested that lying is sometimes acceptable in politics.,"Yes, he did lie about his campaign contributions.",2,flexible,2,3,2,6,6,2,4,3,2,2,1,2,1,2,3,5,6
107,12/30/20 15:47,12/30/20 15:51,"Most of them?  There are very few truly ethical and moral politicians, though some are significantly worse than others.",Female,46,Other,To see how I feel about obfuscation in political campaigns.,,"Yes, he did lie about his campaign contributions.",3,control,3,5,5,4,4,3,4,4,4,4,3,3,3,NA,NA,4,4
108,12/30/20 15:48,12/30/20 15:51,No,Male,32,Republican,No idea,,"Yes, he did lie about his campaign contributions.",3,control,2,6,6,6,6,6,1,1,1,4,1,1,1,NA,NA,5,6
109,12/30/20 15:45,12/30/20 15:51,Joe Biden,Male,43,Other,If people will vote for a known and admitted liar.,He suggested that lying is sometimes acceptable in politics.,"Yes, he did lie about his campaign contributions.",2,flexible,1,4,4,6,6,2,1,1,1,2,2,1,1,1,1,5,6
110,12/30/20 15:44,12/30/20 15:51,"I can think of several but no one person comes to mind,",Female,30,Democrat,Perception of politicians,He suggested that lying is sometimes acceptable in politics.,"Yes, he did lie about his campaign contributions.",2,flexible,2,5,6,5,6,4,2,2,2,5,3,3,2,1,2,4,4
111,12/30/20 15:45,12/30/20 15:51,President Donald J Trump,Male,52,Democrat,To see how we feel about deceptively dishonest politicians,,"Yes, he did lie about his campaign contributions.",3,control,2,6,6,6,6,6,2,2,2,2,2,2,2,NA,NA,6,5
112,12/30/20 15:47,12/30/20 15:51,No.,Female,24,Democrat,How I viewed the candidate.,,"Yes, he did lie about his campaign contributions.",3,control,6,2,2,2,2,4,6,6,6,6,6,5,6,NA,NA,2,2
113,12/30/20 15:44,12/30/20 15:51,All of them,Female,31,Other,To see if evidence of lying impacts perception of a political candidate. ,He suggested that lying is never acceptable in politics.,"Yes, he did lie about his campaign contributions.",1,absolute,3,7,7,7,7,7,2,2,2,4,3,2,2,6,5,5,4
114,12/30/20 15:40,12/30/20 15:52,"Yes, I think most politicians will lie.",Female,68,Other,This study was about our views of a political candidate after learning the facts about their behavior.,,"Yes, he did lie about his campaign contributions.",3,control,2,6,6,6,5,6,2,2,2,4,2,1,2,NA,NA,6,6
115,12/30/20 15:47,12/30/20 15:52,"He brought politicians such as Richard Nixon and Bill Clinton to mind, both of whom were dishonest with the American people.",Female,29,Democrat,I think the purpose was to see if dishonesty by a politician can dissuade supporters from voting for them even if their policies are seen as attractive.,He suggested that lying is never acceptable in politics.,"Yes, he did lie about his campaign contributions.",1,absolute,1,6,7,7,6,7,2,2,2,2,2,2,2,5,5,6,6
116,12/30/20 15:45,12/30/20 15:52,Mitt Romney,Female,62,Democrat,Amount of lying acceptable for a politician ,He suggested that lying is never acceptable in politics.,"Yes, he did lie about his campaign contributions.",1,absolute,3,5,5,5,5,6,3,3,3,6,3,4,2,7,7,3,2
117,12/30/20 15:44,12/30/20 15:52,Joe Biden,Male,70,Republican,My feelings about hypocritical candidates-political,He suggested that lying is never acceptable in politics.,"Yes, he did lie about his campaign contributions.",1,absolute,2,5,6,5,5,6,2,2,3,3,4,4,2,5,5,3,4
118,12/30/20 15:45,12/30/20 15:52,no,Male,46,Other,Perception of PAC money in campaigns (when candidates indicate they do not accept PAC money).,,"Yes, he did lie about his campaign contributions.",3,control,3,4,5,4,4,5,3,3,3,6,4,2,2,NA,NA,3,3
119,12/30/20 15:47,12/30/20 15:52,"Yes, all of them",Male,48,Republican,To see if a person would vote for someone they know is lying,,"Yes, he did lie about his campaign contributions.",3,control,3,7,7,7,7,7,2,2,1,2,1,1,1,NA,NA,6,7
120,12/30/20 15:43,12/30/20 15:52,"Yes, basically all of them.",Female,46,Republican,To see if people will change their mind when finding out information about someone,He suggested that lying is never acceptable in politics.,"Yes, he did lie about his campaign contributions.",1,absolute,2,6,6,6,6,6,2,2,1,5,3,7,1,3,2,4,3
121,12/30/20 15:49,12/30/20 15:52,Donald Trump ,Female,34,Democrat,To see how negatively people view political leaders that lie,,"Yes, he did lie about his campaign contributions.",3,control,2,7,6,7,7,7,2,2,1,3,1,2,1,NA,NA,6,7
122,12/30/20 15:44,12/30/20 15:52,Bill Clinton,Male,33,Democrat,Whether I'd still vote for a politician knowing they lie,He suggested that lying is sometimes acceptable in politics.,"Yes, he did lie about his campaign contributions.",2,flexible,4,4,3,7,7,2,2,2,2,4,1,2,1,1,1,5,5
123,12/30/20 15:44,12/30/20 15:52,all of them,Male,56,Other,determine if people can accept varying degrees of dishonesty and lie to themselves about THEIR politicians behaviors.,He suggested that lying is never acceptable in politics.,"Yes, he did lie about his campaign contributions.",1,absolute,3,5,6,5,6,6,4,4,2,4,3,2,2,2,2,4,4
124,12/30/20 15:40,12/30/20 15:52,"If memory serves, Elizabeth Warren claimed to forego PAC money but later accepted some. I can't remember if she was shown to be lying or merely skating by on a technical but misleading truth. I generally regard her as pretty honest, with some exceptions, but there is some analogy there. Pres. Trump's lies are far more frequent than Mr. Johnson's or than Sen. Warren's are likely to ever be, so I actually didn't think of him as similar but as in a class by himself in this regard, at least in US politics.",Male,48,Democrat,"I think you were trying to see how well people could identify lying in a co-partisan. By the way, before his financing lie (untruth, really -- we don't know if, say, he was misinformed by staff) was exposed, I was already troubled by the bizarre interview statements. He claimed to care about infrastructure (which is things like roads, bridges, and broadband) but when asked for details talked about education. He claimed to care about a budget shortfall but in elaborating only talked about spending priorities, not about how to make up a budget shortfall. We can't be afraid to talk about increasing taxes if that is what we intend, as in some cases it should be. ",,"Yes, he did lie about his campaign contributions.",3,control,1,6,7,6,6,4,2,2,2,4,4,1,2,NA,NA,5,4
125,12/30/20 15:49,12/30/20 15:52,No,Male,37,Democrat,To see how acceptable voters think a politician lying is.,,"Yes, he did lie about his campaign contributions.",3,control,3,5,5,6,5,5,2,2,2,3,4,3,2,NA,NA,4,4
126,12/30/20 15:45,12/30/20 15:52,no,Female,64,Other,unsure,,"Yes, he did lie about his campaign contributions.",3,control,2,5,4,6,4,6,4,4,4,4,4,3,3,NA,NA,4,4
127,12/30/20 15:48,12/30/20 15:52,None currently,Female,22,Democrat,To see how ethics affect voting,,"Yes, he did lie about his campaign contributions.",3,control,3,5,5,5,5,4,3,3,3,5,5,3,3,NA,NA,3,3
128,12/30/20 15:45,12/30/20 15:52,No,Female,29,Democrat,I am unsure,He suggested that lying is never acceptable in politics.,"Yes, he did lie about his campaign contributions.",1,absolute,3,6,6,6,5,6,2,2,2,4,4,2,2,6,6,4,5
129,12/30/20 15:47,12/30/20 15:52,Almost every politician I know.  They always promise things and never deliver.  They always say they are being truthful when they are lying.,Female,63,Republican,To see how we judge a politicians words vs. actions.,He suggested that lying is never acceptable in politics.,"Yes, he did lie about his campaign contributions.",1,absolute,2,5,6,5,5,6,4,4,4,5,2,5,2,5,5,4,3
130,12/30/20 15:41,12/30/20 15:52,"I felt the description of Matthew Johnson sounded like a typical politician, but no specific politician came to mind. It is hard to judge him on just the campaign finance issue. Did he lie? Perhaps. Or perhaps he was mistaken or misinformed or perhaps what he said had been true at some point. Or maybe he is a full blown liar. ",Female,37,Democrat,"I am not exactly sure what the purpose of the study was about. It may have separated people in groups and told some the candidate was from their party and others that the candidate was from the opposing party to see how the participant would rate the candidate. Perhaps some were given negative facts about a candidate and others were given positive facts and the purpose was to see how one judges the candidate based on the facts supplied. I found it difficult to say whether the candidate was ethical/moral or not based on one negative fact. On one hand, I felt if he lied about something simple and public like who is financing his campaign, then what else is he lying about that we do not know. On the other hand, he may have just been mistaken and this was a one off and he is the most ethical man alive. Hard to say based on a couple instances provided.",,"Yes, he did lie about his campaign contributions.",3,control,6,4,4,4,5,2,4,4,4,4,2,2,3,NA,NA,4,4
131,12/30/20 15:47,12/30/20 15:52,"Only all of them, but mostly Republicans.",Female,63,Other,I don't know.,He suggested that lying is sometimes acceptable in politics.,"Yes, he did lie about his campaign contributions.",2,flexible,3,5,6,5,5,6,2,2,2,5,3,2,2,2,2,3,4
132,12/30/20 15:40,12/30/20 15:52,"Not really, generally that seems like many politicians ",Male,37,Democrat,Not sure,He suggested that lying is never acceptable in politics.,"Yes, he did lie about his campaign contributions.",1,absolute,2,6,6,6,6,6,2,2,2,3,1,2,2,5,4,6,5
133,12/30/20 15:48,12/30/20 15:53,most of them,Female,40,Democrat,skepticism regarding politicians?,,"Yes, he did lie about his campaign contributions.",3,control,2,6,4,6,6,3,2,2,1,4,2,2,2,NA,NA,5,5
134,12/30/20 15:45,12/30/20 15:53,"Yes, most of them",Female,40,Other,Opinion on lying politicians,He suggested that lying is never acceptable in politics.,"Yes, he did lie about his campaign contributions.",1,absolute,2,5,5,5,5,5,2,2,2,3,2,2,2,6,6,6,6
135,12/30/20 15:46,12/30/20 15:53,most politicians,Female,41,Republican,See how respondents view politicians and lying,He suggested that lying is sometimes acceptable in politics.,"Yes, he did lie about his campaign contributions.",2,flexible,3,5,5,5,4,5,3,3,2,5,2,2,2,1,1,4,4
136,12/30/20 15:41,12/30/20 15:53,just that politics are corrupt,Male,21,Democrat,our view on judements,,"Yes, he did lie about his campaign contributions.",3,control,2,4,2,6,3,4,3,2,2,4,3,2,2,NA,NA,4,4
137,12/30/20 15:46,12/30/20 15:53,"yes, all of them",Female,31,Other,not sure,,"Yes, he did lie about his campaign contributions.",3,control,3,5,6,5,5,3,4,4,3,4,5,4,2,NA,NA,5,4
138,12/30/20 15:44,12/30/20 15:53,"Sorry to say, but Bernie Sanders repeatedly claims to have no SuperPAC, but that's impossible since a candidate has no choice in whether or not SuperPACs exist and support them since they're not allowed to coordinate.  So he'll say that in speeches while there is very assuredly a SuperPAC of all nurses who support him -- and rightfully so!  ",Male,35,Democrat,"To what extent people will be okay with some kind of hypocrisy when they support a candidate. 

I don't know if this skews the data much at all, but I follow politics too closely to really give a heck as to whether or not someone has a PAC or SuperPAC -- I get that it's unfashionable, but I am less likely to support a candidate who **does not** have any sort of institutional backing, so this is something I am personally favorable towards candidates lying about.  Better to sucker the idealistic but misguided people who think that candidates should be broke than it is to be a broke candidate.",He suggested that lying is never acceptable in politics.,"Yes, he did lie about his campaign contributions.",1,absolute,6,3,2,3,4,6,5,6,5,6,4,5,4,6,6,4,3
139,12/30/20 15:46,12/30/20 15:53,No,Female,39,Republican,People's views on politicians lying.,He suggested that lying is never acceptable in politics.,"Yes, he did lie about his campaign contributions.",1,absolute,3,5,5,5,5,6,3,3,3,6,5,6,3,2,6,3,2
140,12/30/20 15:48,12/30/20 15:53,So many of them. They pretty much all lie some of the time.,Male,51,Democrat,Measuring whether we'd accept a certain amount of lying from our pols?,,"Yes, he did lie about his campaign contributions.",3,control,4,4,5,5,4,2,3,3,3,5,5,4,3,NA,NA,4,4
141,12/30/20 15:51,12/30/20 15:53,no,Male,29,Democrat,Ethics,He suggested that lying is never acceptable in politics.,"Yes, he did lie about his campaign contributions.",1,absolute,3,5,6,3,4,6,3,3,3,4,2,6,3,5,5,4,3
142,12/30/20 15:47,12/30/20 15:53,Bill Clinton,Male,65,Democrat,I have absolutely no idea.,He suggested that lying is never acceptable in politics.,"Yes, he did lie about his campaign contributions.",1,absolute,2,7,7,7,7,7,2,3,2,3,2,6,2,4,3,5,4
143,12/30/20 15:46,12/30/20 15:53,Donald Trump,Female,69,Other,"to see how voters make decisions about a specific candidate, and what determines the vote",He suggested that lying is never acceptable in politics.,"Yes, he did lie about his campaign contributions.",1,absolute,1,7,7,7,7,7,2,2,2,3,1,2,1,7,7,6,6
144,12/30/20 15:42,12/30/20 15:53,Pete Buttigieg,Male,26,Democrat,I think the purpose of this study was to assess the values of prospective voters. How much do the lies of a politician negate all of their other positive qualities?,He suggested that lying is sometimes acceptable in politics.,"Yes, he did lie about his campaign contributions.",2,flexible,3,6,6,5,7,5,4,5,2,4,1,3,2,2,1,5,6
145,12/30/20 15:44,12/30/20 15:53,No,Male,35,Democrat,To see our attitudes toward politicians who are caught lying.,He suggested that lying is never acceptable in politics.,"Yes, he did lie about his campaign contributions.",1,absolute,2,7,7,5,6,7,2,3,2,5,2,2,2,5,3,4,5
146,12/30/20 15:48,12/30/20 15:53,"Not really, but now that the question has been asked, possibly the current president, Donald Trump because he has told lies similar to this in the past.",Female,20,Other,"Judgement and perception of a politician's behavior based on what each person deems morally acceptable or unacceptable, essentially judging their character based on our own beliefs across differing demographic groups.",,"Yes, he did lie about his campaign contributions.",3,control,3,4,5,3,3,5,3,3,3,5,4,2,2,NA,NA,3,3
147,12/30/20 15:42,12/30/20 15:53,Maybe Trump?,Female,56,Democrat,"How we judge a politician after they lie. If at first we like them, but find out that they are dishonest.  ",He suggested that lying is never acceptable in politics.,"Yes, he did lie about his campaign contributions.",1,absolute,2,7,7,7,7,7,2,3,2,4,2,5,2,6,5,4,5
148,12/30/20 15:46,12/30/20 15:53,All of them! ,Male,39,Other,To judge politicians based on what they say compared to what they do. ,He suggested that lying is sometimes acceptable in politics.,"Yes, he did lie about his campaign contributions.",2,flexible,1,6,6,5,6,6,2,2,1,3,1,1,1,1,1,5,6
149,12/30/20 15:48,12/30/20 15:54,Yes Trump.,Male,26,Democrat,Understand peoples views on politicians and lying.,,"Yes, he did lie about his campaign contributions.",3,control,2,6,6,6,6,6,1,1,1,2,2,2,1,NA,NA,6,6
150,12/30/20 15:44,12/30/20 15:54,David Purdue,Male,42,Democrat,How people overlook flaws in candidates they typically support because of party affiliation.,,"Yes, he did lie about his campaign contributions.",3,control,2,4,6,4,5,5,4,5,3,5,4,6,4,NA,NA,4,4
151,12/30/20 15:48,12/30/20 15:54,all of them.,Male,41,Other,"How much I trust politician's statements.  I'm Libertarian btw for ""other"".",,"Yes, he did lie about his campaign contributions.",3,control,2,6,6,6,6,6,2,2,2,2,2,2,2,NA,NA,6,6
152,12/30/20 15:41,12/30/20 15:54,Gavin Newsom,Female,24,Democrat,"To analyze statements made by a politician, and using that information to measure how honest they are. I think this study is also a reminder that politicians are only as honest as they show that they are, not how they say they are. ",He suggested that lying is never acceptable in politics.,"Yes, he did lie about his campaign contributions.",1,absolute,3,6,6,5,6,6,6,6,6,4,2,6,2,4,4,5,5
153,12/30/20 15:50,12/30/20 15:54,Pretty much all of them? They all hedge the truth when it suits their agenda. ,Male,46,Democrat,To see if a candidate lying about campaign finance would reduce my support for them.,He suggested that lying is never acceptable in politics.,"Yes, he did lie about his campaign contributions.",1,absolute,4,6,6,7,6,7,3,4,2,4,2,3,2,6,5,3,4
154,12/30/20 15:46,12/30/20 15:54,Donald Trump,Female,35,Other,to evaluate how a scenario of the politician lying effects ones view of him despite the good he claim he'll bring if elected,,"Yes, he did lie about his campaign contributions.",3,control,2,4,3,5,5,4,2,2,2,4,3,4,2,NA,NA,5,6
155,12/30/20 15:43,12/30/20 15:54,No.,Female,49,Democrat,"I don't know,",,"Yes, he did lie about his campaign contributions.",3,control,3,5,5,5,5,7,2,2,2,2,1,2,2,NA,NA,6,6
156,12/30/20 15:45,12/30/20 15:54,Donald Trump,Female,34,Democrat,If people trust politicians even after finding out the truth about them.,,"Yes, he did lie about his campaign contributions.",3,control,2,7,7,7,7,7,2,2,2,2,1,2,1,NA,NA,6,6
157,12/30/20 15:45,12/30/20 15:54,yes. ,Female,60,Democrat,how acceptable it is to be dishonest,He suggested that lying is sometimes acceptable in politics.,"Yes, he did lie about his campaign contributions.",2,flexible,2,6,5,6,6,6,3,3,3,4,1,7,2,1,2,4,6
158,12/30/20 15:46,12/30/20 15:54,It brings to mind all politicians. They all lie that's what politics is some just do it much more than others,Male,38,Other,My view of a politician and lying,He suggested that lying is never acceptable in politics.,"Yes, he did lie about his campaign contributions.",1,absolute,4,5,5,5,5,5,4,4,4,5,4,4,4,4,4,3,3
159,12/30/20 15:42,12/30/20 15:54,Pretty much any modern Republican.,Female,32,Democrat,To see if/how people's opinions of a political candidate changed when they learned he lied about financing,,"Yes, he did lie about his campaign contributions.",3,control,2,6,6,6,7,7,2,2,2,4,3,3,2,NA,NA,5,5
160,12/30/20 15:46,12/30/20 15:55,Barack Obama,Male,36,Republican,To see how I view politicians.,,"Yes, he did lie about his campaign contributions.",3,control,5,5,3,2,3,5,4,4,3,6,3,4,5,NA,NA,3,4
161,12/30/20 15:47,12/30/20 15:55,Not really.,Female,59,Democrat,To see what our opinion is of politicians based on what they say compared to what they do.,He suggested that lying is never acceptable in politics.,"Yes, he did lie about his campaign contributions.",1,absolute,3,6,6,5,5,5,4,4,3,5,3,7,2,5,4,4,3
162,12/30/20 15:46,12/30/20 15:55,Donald Trump,Female,57,Democrat,unsure,He suggested that lying is sometimes acceptable in politics.,"Yes, he did lie about his campaign contributions.",2,flexible,3,5,6,6,5,6,2,2,1,2,1,4,1,2,2,5,5
163,12/30/20 15:51,12/30/20 15:55,no not really,Male,52,Republican,To see if a candidate is found out to not be telling the truth will allow me not to support him. ,He suggested that lying is never acceptable in politics.,"Yes, he did lie about his campaign contributions.",1,absolute,1,6,7,7,6,7,1,1,1,1,1,1,1,7,7,7,7
164,12/30/20 15:46,12/30/20 15:55,no,Female,27,Democrat,politics ,He suggested that lying is sometimes acceptable in politics.,"Yes, he did lie about his campaign contributions.",2,flexible,6,5,5,6,4,6,3,2,3,4,3,5,2,2,3,4,5
165,12/30/20 15:50,12/30/20 15:55,"No one in particular, no. He sounds like any bland centrist dullard. I guess maybe Mayor Pete or Beto, if I had to pick someone.",Prefer not to answer,24,Other,"I'm guessing it's to do with, how do you interpret whether someone's behavior is true to their principles when their principles are so askew?",He suggested that lying is sometimes acceptable in politics.,"Yes, he did lie about his campaign contributions.",2,flexible,2,4,4,6,5,4,3,3,3,4,2,3,2,2,2,5,5
166,12/30/20 15:43,12/30/20 15:56,Basically every Republican Ive ever seen,Male,40,Democrat,Politicians vs ethics,He suggested that lying is sometimes acceptable in politics.,"Yes, he did lie about his campaign contributions.",2,flexible,4,5,5,5,5,5,4,4,3,3,1,3,3,2,2,6,6
167,12/30/20 15:52,12/30/20 15:56,Ron Desantis,Male,35,Republican,To see what we thought of a politician who admits to lying.,He suggested that lying is sometimes acceptable in politics.,"Yes, he did lie about his campaign contributions.",2,flexible,1,4,4,7,7,4,2,2,1,2,1,1,1,1,1,5,5
168,12/30/20 15:48,12/30/20 15:56,Not in particular. Many tell lies.,Female,40,Republican,I am not sure? ,,"Yes, he did lie about his campaign contributions.",3,control,2,6,6,6,6,6,2,2,2,3,2,4,2,NA,NA,5,4
169,12/30/20 15:51,12/30/20 15:56,Trump,Female,30,Democrat,If it is okay for a politician in the party I am affiliated with is forgiven with lies.,He suggested that lying is never acceptable in politics.,"Yes, he did lie about his campaign contributions.",1,absolute,2,7,7,7,7,7,1,2,1,3,1,3,1,5,6,5,4
170,12/30/20 15:44,12/30/20 15:56,George Bush,Male,30,Republican,to understand what peoples different perspectives are under tough situations. ,He suggested that lying is sometimes acceptable in politics.,"Yes, he did lie about his campaign contributions.",2,flexible,5,3,4,6,5,3,3,6,2,2,5,3,5,6,3,6,6
171,12/30/20 15:52,12/30/20 15:56,Every republican,Male,39,Democrat,How lies matter in voting. ,,"Yes, he did lie about his campaign contributions.",3,control,4,7,7,7,7,7,2,2,2,4,1,2,1,NA,NA,5,4
172,12/30/20 15:44,12/30/20 15:57,Gavin Newsom,Male,33,Democrat,To see how we perceive telling lies in our politicians compared to most people.,He suggested that lying is sometimes acceptable in politics.,"Yes, he did lie about his campaign contributions.",2,flexible,4,5,4,3,3,4,5,5,4,5,3,4,5,2,4,3,4
173,12/30/20 15:49,12/30/20 15:57,"Obviously it brought to mind Obama, who kept making very carefully-worded claims that his campaign was ""grassroots"" while he was taking massive amounts of money from PACs and corporations",Male,37,Democrat,Testing how people feel about a politician's dishonest behavior,,"Yes, he did lie about his campaign contributions.",3,control,4,5,6,5,5,4,4,4,3,5,4,3,2,NA,NA,4,4
174,12/30/20 15:48,12/30/20 15:58,"No, I do not recall any politicians lying about receiving PAC money like the politician in the scenario presented.",Male,37,Democrat,I believe the study was measuring how participant perception of a politician may change when the politician lies about receiving PAC money. I'm guessing that there are different versions of the study in which one has Matthew Johnson state in an interview that he is committed to honesty and another version in which he talks about correcting the budget crisis and state infrastructure. I'm guessing that the hypothesis is that participants will rate Matthew Johnson more harshly in the version in which he talks about honesty in his interview.,,"Yes, he did lie about his campaign contributions.",3,control,1,6,5,6,6,2,2,2,1,3,2,1,1,NA,NA,6,6
175,12/30/20 15:52,12/30/20 15:58,Donald Trump,Male,28,Other,The purpose of the study was to assess an interview of a political candidate and then give my thoughts and opinions on his ideals and values.,He suggested that lying is sometimes acceptable in politics.,"Yes, he did lie about his campaign contributions.",2,flexible,1,6,3,6,6,5,2,2,1,2,2,4,1,1,1,6,5
176,12/30/20 15:52,12/30/20 15:58,"It brought up Donald Trump up, where he always lies and is saying things.",Male,21,Democrat,To see how people would react to a politician that even though is the same as his/her ideals/ideas is always lying.,He suggested that lying is sometimes acceptable in politics.,"Yes, he did lie about his campaign contributions.",2,flexible,3,6,7,7,4,5,2,3,1,2,2,5,1,1,2,5,4
177,12/30/20 15:53,12/30/20 15:58,No one in particular,Male,31,Republican,To see whether certain attributes of a politician make their supporters more inclined to overlook lies of theirs.,He suggested that lying is never acceptable in politics.,"Yes, he did lie about his campaign contributions.",1,absolute,4,5,5,6,5,5,4,4,5,5,2,4,5,6,6,3,5
178,12/30/20 15:52,12/30/20 15:59,Joe Biden,Male,48,Republican,To see how people feel about politicians that lie.,,"Yes, he did lie about his campaign contributions.",3,control,3,6,3,7,7,7,2,2,1,4,1,2,1,NA,NA,5,5
179,12/30/20 15:56,12/30/20 15:59,Trust politicians,Male,29,Democrat,none,He suggested that lying is sometimes acceptable in politics.,"Yes, he did lie about his campaign contributions.",2,flexible,5,5,6,6,5,6,4,4,5,3,2,5,4,5,4,4,5
180,12/30/20 15:50,12/30/20 15:59,TRUMP,Female,37,Other,personal thoughts on a white lie,,"Yes, he did lie about his campaign contributions.",3,control,3,5,6,5,5,6,3,3,3,6,3,2,2,NA,NA,3,3
181,12/30/20 15:45,12/30/20 15:59,None,Female,36,Democrat,How we judge a political candidate based on the words they say and their action.,,"Yes, he did lie about his campaign contributions.",3,control,2,6,5,6,6,6,3,3,2,4,2,2,2,NA,NA,5,6
182,12/30/20 15:48,12/30/20 15:59,Bill Clinton,Male,36,Other,To see how I would perceive a politician significantly lying when they had previously said a bit of lying was alright. Would their admission of their immorality make me see it as more acceptable?,He suggested that lying is sometimes acceptable in politics.,"Yes, he did lie about his campaign contributions.",2,flexible,4,2,2,2,2,2,4,4,4,4,3,4,4,3,3,4,4
183,12/30/20 15:49,12/30/20 15:59,"Most of them, to be honest. I'd say nearly 100% lie. ",Male,34,Democrat,I have no idea,He suggested that lying is never acceptable in politics.,"Yes, he did lie about his campaign contributions.",1,absolute,2,6,5,6,4,4,2,3,2,4,3,2,2,2,2,5,5
184,12/30/20 15:46,12/30/20 15:59,No.,Female,28,Democrat,I think the purpose of this study was to see how people perceive political candidates.,He suggested that lying is sometimes acceptable in politics.,"Yes, he did lie about his campaign contributions.",2,flexible,2,4,6,4,4,5,2,2,2,2,2,2,1,1,1,5,6
185,12/30/20 15:46,12/30/20 16:00,Yes. Donald Trump,Female,37,Democrat,To understand my perceptions of political behavior.,He suggested that lying is never acceptable in politics.,"Yes, he did lie about his campaign contributions.",1,absolute,2,6,6,6,6,6,2,2,2,3,2,1,2,6,6,6,5
186,12/30/20 15:46,12/30/20 16:00,Chuck Schumer,Male,33,Republican,To ascertain whether partisan politics would trump prospective voters' desire to punish for candidates for acting in a blatantly deceptive fashion.,,"Yes, he did lie about his campaign contributions.",3,control,6,6,7,6,6,7,4,4,5,3,3,4,3,NA,NA,5,4
187,12/30/20 15:54,12/30/20 16:00,The entire field of the GOP,Male,37,Democrat,Not sure,He suggested that lying is sometimes acceptable in politics.,"Yes, he did lie about his campaign contributions.",2,flexible,2,7,6,6,6,5,2,3,1,3,2,5,2,1,2,6,5
188,12/30/20 15:44,12/30/20 16:01,No,Female,36,Other,To understand how people make judgements on the basis of some information provided to them.,He suggested that lying is sometimes acceptable in politics.,"Yes, he did lie about his campaign contributions.",2,flexible,1,5,5,5,5,5,2,2,2,3,1,2,1,2,2,5,5
189,12/30/20 15:48,12/30/20 16:01,"It brought to mind the current run-off senate races in Georgia, and many of the developments and statements made by politicians who are involved.",Female,26,Democrat,"I believe it was trying to understand how participants view political statements, and the importance that ethics, morality, and truth play in influencing people's voting behavior.",He suggested that lying is sometimes acceptable in politics.,"Yes, he did lie about his campaign contributions.",2,flexible,2,6,5,6,6,6,1,2,2,3,1,3,2,1,1,5,5
190,12/30/20 15:51,12/30/20 16:01,no,Female,64,Republican,?,He suggested that lying is sometimes acceptable in politics.,"Yes, he did lie about his campaign contributions.",2,flexible,1,7,7,7,7,7,1,1,1,2,2,1,1,1,1,6,7
191,12/30/20 15:50,12/30/20 16:03,No,Male,61,Other,Analysis of reactions to deception in politics,He suggested that lying is sometimes acceptable in politics.,"Yes, he did lie about his campaign contributions.",2,flexible,2,4,4,6,6,2,5,4,2,6,2,2,2,1,1,4,4
192,12/30/20 15:48,12/30/20 16:03,"No specific politicians, but I believe most will lie when discussing financial situations.",Male,30,Other,"I think the purpose of this study was to see how a person's words and actions can conflict, and how that influences my perception of such a person.",He suggested that lying is never acceptable in politics.,"Yes, he did lie about his campaign contributions.",1,absolute,1,6,6,6,6,7,2,2,1,4,3,4,2,3,3,4,5
193,12/30/20 16:00,12/30/20 16:03,It did not,Male,29,Democrat,to see how people feel about the candidate ,He suggested that lying is never acceptable in politics.,"Yes, he did lie about his campaign contributions.",1,absolute,2,7,7,7,7,7,2,2,1,2,1,2,1,7,5,6,7
194,12/30/20 16:00,12/30/20 16:03,Donald Trump,Female,25,Other,My opinions on a fictional political figure,,"Yes, he did lie about his campaign contributions.",3,control,2,5,5,5,5,5,2,2,2,4,2,2,2,NA,NA,5,4
195,12/30/20 16:00,12/30/20 16:04,No.,Female,27,Other,To see how people judge politicians when they lie.,He suggested that lying is never acceptable in politics.,"Yes, he did lie about his campaign contributions.",1,absolute,3,6,6,6,6,6,3,3,2,3,3,4,2,5,5,4,3
196,12/30/20 15:55,12/30/20 16:05,All of them,Male,36,Republican,See how much we care about politicians lying.,He suggested that lying is never acceptable in politics.,"Yes, he did lie about his campaign contributions.",1,absolute,4,4,5,4,4,5,4,4,4,5,2,4,4,4,4,4,4
197,12/30/20 15:43,12/30/20 16:05,No,Male,47,Democrat,I didn't think about it since it doesn't concern me. I'll leave the study for you guys to figure out.,,"Yes, he did lie about his campaign contributions.",3,control,6,2,3,3,3,4,5,5,4,5,3,4,4,NA,NA,4,3
198,12/30/20 16:03,12/30/20 16:06,"Trump, if he was honest and coherent ",Male,43,Democrat,views on politicians,He suggested that lying is sometimes acceptable in politics.,"Yes, he did lie about his campaign contributions.",2,flexible,3,3,2,2,3,3,3,4,4,6,4,6,2,1,2,4,5
199,12/30/20 16:02,12/30/20 16:06,Nothing.,Male,30,Democrat,Nothing.,He suggested that lying is sometimes acceptable in politics.,"Yes, he did lie about his campaign contributions.",2,flexible,4,4,4,5,4,4,4,5,4,4,4,4,4,5,4,4,3
200,12/30/20 15:47,12/30/20 16:06,yeah sounds like Biden,Female,33,Republican,To see what I thought about politicians that lie. Look at Biden he plagiarized his way through college then kept speaking grandiose things without giving credit to the authors. And now he is about to become president. What  a joke,,"Yes, he did lie about his campaign contributions.",3,control,1,7,7,7,7,7,1,1,1,1,1,1,1,NA,NA,6,7
201,12/30/20 15:51,12/30/20 16:07,no,Male,27,Democrat,I don't know,He suggested that lying is never acceptable in politics.,"Yes, he did lie about his campaign contributions.",1,absolute,4,5,5,5,5,5,3,3,3,4,3,4,4,4,4,5,5
202,12/30/20 15:59,12/30/20 16:07,Donald Trump (the king of all liars),Male,63,Democrat,How much we approve or condone lying politicians,,"Yes, he did lie about his campaign contributions.",3,control,2,6,6,7,7,7,2,3,1,3,1,3,2,NA,NA,5,4
203,12/30/20 15:46,12/30/20 16:08,Joe Biden,Male,39,Other,Judgement on politicians based on their statements and actions.,He suggested that lying is never acceptable in politics.,"Yes, he did lie about his campaign contributions.",1,absolute,2,6,6,6,7,6,2,2,1,3,1,1,6,4,4,5,7
204,12/30/20 15:48,12/30/20 16:09,"Yes, but no specific ones, just reminders of hypocrisy I've read about in the past regarding campaign finances of various politicians.",Female,61,Other,"Moral/ethical consistency, especially between what's stated publicly vs. reality.",,"Yes, he did lie about his campaign contributions.",3,control,2,7,7,7,7,4,2,2,2,4,4,2,2,NA,NA,4,4
205,12/30/20 16:07,12/30/20 16:10,Yes,Male,40,Republican,Perceptions,He suggested that lying is never acceptable in politics.,"Yes, he did lie about his campaign contributions.",1,absolute,2,4,7,7,7,7,1,1,1,2,1,7,1,6,6,7,7
206,12/30/20 16:02,12/30/20 16:10,"All politicians, they all say whatever it takes to get into office.",Male,33,Republican,How news sources can affect how people perceive a politician.,,"Yes, he did lie about his campaign contributions.",3,control,2,7,6,5,6,6,3,3,2,3,1,2,2,NA,NA,5,5
207,12/30/20 16:05,12/30/20 16:10,Donald Trump as he always lies,Male,54,Democrat,I think that the purpose of the study was to understand how comfortable participants are with politicians who lie.,,"Yes, he did lie about his campaign contributions.",3,control,4,4,5,4,6,6,4,4,2,4,3,3,3,NA,NA,4,4
208,12/30/20 15:56,12/30/20 16:10,Not any specific. Most politicians fib in one wat or another. Most of the time we never realize it r hear about it.,Female,37,Republican,How likely would we be to vote for a candidate after knowing he lied.,,"Yes, he did lie about his campaign contributions.",3,control,3,4,4,5,5,5,4,4,3,6,4,2,2,NA,NA,3,3
209,12/30/20 16:09,12/30/20 16:11,no,Male,36,Democrat,I have no idea.,,"Yes, he did lie about his campaign contributions.",3,control,7,4,4,4,6,2,3,3,3,2,1,2,2,NA,NA,5,5
210,12/30/20 16:07,12/30/20 16:11,no,Female,26,Democrat,"To see if I think it acceptable, excusable, and forgivable to lie in politics for the greater good. ",,"Yes, he did lie about his campaign contributions.",3,control,1,7,7,7,7,7,1,1,1,1,1,7,1,NA,NA,6,6
211,12/30/20 16:05,12/30/20 16:12,yes a few,Male,32,Other,To judge my acceptance of lying,He suggested that lying is sometimes acceptable in politics.,"Yes, he did lie about his campaign contributions.",2,flexible,3,6,6,6,6,2,2,2,2,3,2,2,2,2,2,5,5
212,12/30/20 16:04,12/30/20 16:12,all of them. i think they all lie,Male,39,Other,to see what i thought about his values and his lying,He suggested that lying is never acceptable in politics.,"Yes, he did lie about his campaign contributions.",1,absolute,1,7,7,7,7,7,1,2,2,4,2,3,2,5,6,5,5
213,12/30/20 16:06,12/30/20 16:12,"Donald Trump because of the casual lying, but many politicians of both parties are like this.",Male,48,Democrat,To see how people take into account party allegiance when tolerating poor behavior?,,"Yes, he did lie about his campaign contributions.",3,control,4,5,5,5,5,6,2,2,2,5,2,2,2,NA,NA,4,5
214,12/30/20 16:09,12/30/20 16:13,"Most politicians - e.g. Donald Trump, Joe Biden, Mitt Romney",Male,32,Democrat,Evaluating perceptions of politicians through their statements.,He suggested that lying is never acceptable in politics.,"Yes, he did lie about his campaign contributions.",1,absolute,3,5,4,3,3,5,4,3,4,4,2,4,2,5,3,5,4
215,12/30/20 16:02,12/30/20 16:13,no,Female,42,Republican,unsure,He suggested that lying is never acceptable in politics.,"Yes, he did lie about his campaign contributions.",1,absolute,2,6,6,6,6,6,2,2,2,4,4,4,2,4,4,4,4
216,12/30/20 16:07,12/30/20 16:13,not when I read it. But Donald Trump comes to mind when I think about politicians that lie.,Female,37,Democrat,To see how I assess a politician's lying,,"Yes, he did lie about his campaign contributions.",3,control,3,4,5,5,4,7,3,3,2,4,4,3,2,NA,NA,4,3
217,12/30/20 15:45,12/30/20 16:14,It reminded of Donald Trump.,Male,29,Democrat,It was to evaluate Matthew Johnson and what you thought of his hypocrisy. ,,"Yes, he did lie about his campaign contributions.",3,control,2,6,6,7,7,6,2,2,3,3,2,6,2,NA,NA,6,7
218,12/30/20 16:07,12/30/20 16:14,N/A,Female,44,Democrat,TO see how people react to a politician and his claims ,He suggested that lying is sometimes acceptable in politics.,"Yes, he did lie about his campaign contributions.",2,flexible,2,7,1,7,6,4,2,2,2,4,3,5,2,2,2,5,5
219,12/30/20 16:09,12/30/20 16:15,Most politician lie during an election to get the voters. I would say Trump but he lies all the time!,Male,38,Democrat,politics and lying?,He suggested that lying is never acceptable in politics.,"Yes, he did lie about his campaign contributions.",1,absolute,3,7,6,5,6,4,5,4,3,6,3,7,4,6,5,4,3
220,12/30/20 16:14,12/30/20 16:17,No.,Female,27,Democrat,I'm not sure.,He suggested that lying is never acceptable in politics.,"Yes, he did lie about his campaign contributions.",1,absolute,2,5,5,5,5,5,2,2,2,5,2,2,2,3,3,5,5
221,12/30/20 16:13,12/30/20 16:18,No,Male,34,Other,To see how people evaluate politicians on honesty.,He suggested that lying is never acceptable in politics.,"Yes, he did lie about his campaign contributions.",1,absolute,6,2,3,2,2,3,5,5,5,5,5,4,5,3,3,3,3
222,12/30/20 16:15,12/30/20 16:18,No,Female,31,Republican,What a person finds acceptable when voting for their party,,"Yes, he did lie about his campaign contributions.",3,control,6,5,4,4,4,5,3,3,2,4,3,2,2,NA,NA,4,4
223,12/30/20 16:09,12/30/20 16:19,No,Male,53,Republican,How people measure what is a lie when it comes to politics?  ,He suggested that lying is never acceptable in politics.,"Yes, he did lie about his campaign contributions.",1,absolute,4,3,3,3,3,4,3,3,3,5,4,4,3,4,4,4,3
224,12/30/20 16:15,12/30/20 16:20,Trump,Female,42,Democrat,trustworthiness of politicians,He suggested that lying is never acceptable in politics.,"Yes, he did lie about his campaign contributions.",1,absolute,2,7,7,7,7,7,2,2,2,5,2,6,2,5,5,5,3
225,12/30/20 16:12,12/30/20 16:20,No,Female,61,Republican,I don't know.,,"Yes, he did lie about his campaign contributions.",3,control,2,6,5,5,5,6,3,3,3,5,3,3,3,NA,NA,4,4
226,12/30/20 15:49,12/30/20 16:21,Not that I remember at this time. In general all politicians look alike,Male,32,Democrat,I do not have a clear idea of the purpose of this study,,"Yes, he did lie about his campaign contributions.",3,control,5,4,4,4,4,3,5,5,5,5,3,5,4,NA,NA,3,4
227,12/30/20 16:14,12/30/20 16:21,The description did not bring any specific politicians to mind.,Female,42,Democrat,To assess how people evaluate their political candidates after negative information about them comes to light.,He suggested that lying is never acceptable in politics.,"Yes, he did lie about his campaign contributions.",1,absolute,5,6,7,5,5,7,2,2,3,3,2,3,2,6,6,5,6
228,12/30/20 16:08,12/30/20 16:22,trump,Female,40,Democrat,to study when it's ok to lie and if politicians caught lying and can be trusted again,He suggested that lying is never acceptable in politics.,"Yes, he did lie about his campaign contributions.",1,absolute,2,6,6,5,5,6,3,4,3,5,3,4,2,4,4,4,4
229,12/30/20 16:10,12/30/20 16:22,Pete Buttieg,Female,38,Democrat,Opinions about lying and politicians ,He suggested that lying is never acceptable in politics.,"Yes, he did lie about his campaign contributions.",1,absolute,5,6,6,6,5,6,4,4,4,5,3,3,2,5,5,3,4
230,12/30/20 16:14,12/30/20 16:23,Trump,Female,41,Democrat,See how people view politicians lying,He suggested that lying is never acceptable in politics.,"Yes, he did lie about his campaign contributions.",1,absolute,2,6,6,6,6,6,3,3,3,3,2,6,2,5,5,6,6
231,12/30/20 16:23,12/30/20 16:25,Joe Biden,Male,24,Democrat,I don't know,,"Yes, he did lie about his campaign contributions.",3,control,5,4,4,4,4,5,4,3,4,5,5,5,4,NA,NA,3,2
232,12/30/20 16:22,12/30/20 16:25,Joe Biden,Male,35,Other,perception of lying in politicians,He suggested that lying is sometimes acceptable in politics.,"Yes, he did lie about his campaign contributions.",2,flexible,3,3,3,5,5,3,3,3,3,4,2,5,2,3,3,4,5
233,12/30/20 16:23,12/30/20 16:26,No,Female,32,Democrat,Perceptions of politics ,,"Yes, he did lie about his campaign contributions.",3,control,5,1,1,1,1,1,4,4,4,5,5,2,3,NA,NA,4,4
234,12/30/20 16:16,12/30/20 16:26,None in particular,Male,26,Other,Perceptions of politicians and lying,He suggested that lying is sometimes acceptable in politics.,"Yes, he did lie about his campaign contributions.",2,flexible,3,3,3,4,3,4,3,3,3,4,4,3,3,3,3,4,4
235,12/30/20 16:23,12/30/20 16:26,No,Male,36,Other,To see if a small fiction by a candidate affected people's views on him.,,"Yes, he did lie about his campaign contributions.",3,control,4,5,5,4,5,5,3,3,2,6,4,2,2,NA,NA,3,3
236,12/30/20 16:21,12/30/20 16:26,I thought immediately of Donald Trump. Constantly lying.,Male,33,Democrat,To see if we agreed with the candidate's stance on lying.,He suggested that lying is sometimes acceptable in politics.,"Yes, he did lie about his campaign contributions.",2,flexible,1,7,7,7,7,7,1,1,1,1,1,1,1,1,1,7,7
237,12/30/20 16:20,12/30/20 16:26,No one came to mind,Female,48,Democrat,Perception of morals based on  persons actions that are different from what they said.,,"Yes, he did lie about his campaign contributions.",3,control,6,2,4,2,3,4,5,5,5,6,3,6,5,NA,NA,3,4
238,12/30/20 16:22,12/30/20 16:27,no i was imagining a fictional person,Female,30,Democrat,how people feel about lying and if it will change their mind about voting for a candidate who lied,,"Yes, he did lie about his campaign contributions.",3,control,5,5,4,4,5,5,3,4,2,5,2,2,2,NA,NA,4,4
239,12/30/20 16:11,12/30/20 16:27,None in particular. Most politicians are dishonest to a degree.,Female,23,Democrat,To gather people's perception on politicians. ,He suggested that lying is sometimes acceptable in politics.,"Yes, he did lie about his campaign contributions.",2,flexible,1,6,5,6,6,5,2,2,2,4,2,2,1,1,1,5,5
240,12/30/20 16:22,12/30/20 16:28,no,Male,36,Democrat,if lying is okay in politics,He suggested that lying is sometimes acceptable in politics.,"Yes, he did lie about his campaign contributions.",2,flexible,1,7,6,6,7,7,2,2,1,3,1,2,1,1,2,5,6
241,12/30/20 16:21,12/30/20 16:28,no,Female,34,Other,I do not know,He suggested that lying is never acceptable in politics.,"Yes, he did lie about his campaign contributions.",1,absolute,2,6,6,5,4,6,2,2,2,4,2,4,2,5,5,5,5
242,12/30/20 16:22,12/30/20 16:28,Republicans in general,Male,77,Democrat,to study if people tolerate lying,,"Yes, he did lie about his campaign contributions.",3,control,1,6,6,6,6,6,2,2,2,2,2,1,2,NA,NA,6,6
243,12/30/20 16:22,12/30/20 16:28,Mike Pence,Female,38,Democrat,I think the purpose of this study was about Judgments,,"Yes, he did lie about his campaign contributions.",3,control,4,7,7,7,7,7,2,2,2,6,3,2,1,NA,NA,3,3
244,12/30/20 16:24,12/30/20 16:30,Joe Biden,Male,43,Democrat,Perception about political honesty,He suggested that lying is sometimes acceptable in politics.,"Yes, he did lie about his campaign contributions.",2,flexible,1,6,6,7,7,6,2,2,2,2,1,2,1,1,1,6,6
245,12/30/20 16:22,12/30/20 16:31,"No one specifically, but most in general",Female,68,Democrat,Is lying acceptable in politics? ,He suggested that lying is never acceptable in politics.,"Yes, he did lie about his campaign contributions.",1,absolute,3,5,5,4,3,5,4,4,4,5,2,5,3,4,4,4,4
246,12/30/20 16:27,12/30/20 16:32,"Not really, they all lie",Male,38,Republican,politics in 2020,He suggested that lying is never acceptable in politics.,"Yes, he did lie about his campaign contributions.",1,absolute,3,5,5,4,4,6,3,3,2,5,3,2,2,2,2,4,5
247,12/30/20 16:29,12/30/20 16:32,All of them,Male,39,Democrat,I don't know,He suggested that lying is sometimes acceptable in politics.,"Yes, he did lie about his campaign contributions.",2,flexible,3,7,1,2,2,1,2,2,2,2,1,2,1,1,1,6,7
248,12/30/20 16:22,12/30/20 16:33,"Not one specifically, rather 'most' politicians as most do this just as Matthew Johnson did/does. They did not get where they are, typically, by being honest and giving.",Male,48,Republican,"To determine what amount, if any, of dishonesty is perceived or acceptable by public servants.",He suggested that lying is sometimes acceptable in politics.,"Yes, he did lie about his campaign contributions.",2,flexible,6,2,2,3,3,1,6,6,4,6,2,6,5,4,3,3,3
249,12/30/20 16:21,12/30/20 16:34,"Not any particular ones, though he does seem like a fair amount of actual candidates I've read about.",Female,45,Democrat,To determine how honesty and contradictory information about a candidate influence likelihood of voting.,He suggested that lying is never acceptable in politics.,"Yes, he did lie about his campaign contributions.",1,absolute,3,4,4,5,6,6,2,2,2,4,2,2,2,4,3,5,4
250,12/30/20 16:31,12/30/20 16:34,Not that I know of ,Male,25,Democrat,To see if we could compare fictional politician to one in real life.,He suggested that lying is sometimes acceptable in politics.,"Yes, he did lie about his campaign contributions.",2,flexible,4,4,4,5,5,5,4,4,4,4,4,4,4,4,4,4,4
251,12/30/20 16:30,12/30/20 16:35,"Plenty, but Mitch McConnel in particular.",Male,28,Republican,How people view lying from political officials.,,"Yes, he did lie about his campaign contributions.",3,control,3,6,6,6,6,7,2,2,2,4,4,2,2,NA,NA,6,6
252,12/30/20 16:22,12/30/20 16:37,Bill Clinton,Male,31,Democrat,Perceptions of ethicality of lying and politicians,He suggested that lying is sometimes acceptable in politics.,"Yes, he did lie about his campaign contributions.",2,flexible,3,2,2,6,6,1,3,4,2,3,1,2,2,2,2,5,6
253,12/30/20 16:32,12/30/20 16:38,"Not that I can think of, but politicians often lie, or make statements that are difficult to pin down.",Male,32,Democrat,"How people perceive candidates trustworthiness, and if they will support them after being caught in a lie.",He suggested that lying is never acceptable in politics.,"Yes, he did lie about his campaign contributions.",1,absolute,3,5,7,5,5,7,3,3,2,5,4,3,2,2,2,3,3
254,12/30/20 16:34,12/30/20 16:38,"not a specific one, but he lies like almost every politician does",Male,42,Republican,not sure,,"Yes, he did lie about his campaign contributions.",3,control,5,5,4,5,3,6,3,4,3,5,3,2,2,NA,NA,4,4
255,12/30/20 16:36,12/30/20 16:41,All of them. They're all the same. There is nothing unique or radical about Matthew Johnson.,Male,29,Other,I don't know.,He suggested that lying is never acceptable in politics.,"Yes, he did lie about his campaign contributions.",1,absolute,3,5,5,5,5,6,3,3,3,4,3,3,3,2,2,5,5
256,12/30/20 16:39,12/30/20 16:43,"All politicians, because they all paint themselves one way but behave another.",Female,54,Other,To see the effect of behavior vs stated beliefs?,He suggested that lying is never acceptable in politics.,"Yes, he did lie about his campaign contributions.",1,absolute,3,6,6,6,6,6,2,2,2,5,2,6,2,6,6,4,4
257,12/30/20 16:39,12/30/20 16:44,No,Female,22,Other,To test how lying impacts personal perception.  ,,"Yes, he did lie about his campaign contributions.",3,control,2,5,6,5,5,6,4,3,3,4,2,5,2,NA,NA,5,5
258,12/30/20 16:42,12/30/20 16:46,Not to my mind.,Male,33,Democrat,Studying how people view lying or hipocracy when voting.,He suggested that lying is never acceptable in politics.,"Yes, he did lie about his campaign contributions.",1,absolute,2,6,6,6,6,6,3,3,2,5,4,3,2,3,3,4,3
259,12/30/20 16:53,12/30/20 16:57,no,Male,46,Other,I have no idea.,He suggested that lying is never acceptable in politics.,"Yes, he did lie about his campaign contributions.",1,absolute,4,2,4,3,2,6,5,6,5,6,5,5,5,7,5,3,4
260,12/30/20 16:53,12/30/20 17:00,YES ALL OF THEM,Female,72,Democrat,HOW POLITICIANS LIE TO GET OUR VOTES,,"Yes, he did lie about his campaign contributions.",3,control,4,5,5,5,5,5,2,3,2,4,3,4,3,NA,NA,4,4
261,12/30/20 16:55,12/30/20 17:00,no,Female,34,Republican,To better understand how much politics are acceptable to lie ,,"Yes, he did lie about his campaign contributions.",3,control,3,5,6,2,4,7,2,2,2,4,2,2,2,NA,NA,6,6
262,12/30/20 17:01,12/30/20 17:04,Donald Trump,Male,18,Republican,General perceptions about the trustworthiness of politicians,He suggested that lying is sometimes acceptable in politics.,"Yes, he did lie about his campaign contributions.",2,flexible,1,2,2,6,6,1,4,4,1,4,3,3,2,1,1,5,5
263,12/30/20 17:08,12/30/20 17:13,no,Female,30,Democrat,not sure,,"Yes, he did lie about his campaign contributions.",3,control,2,6,6,6,6,4,1,1,1,3,2,2,1,NA,NA,6,6
264,12/30/20 17:14,12/30/20 17:18,No one off the top of my head.,Male,35,Democrat,How people view politicians and people that lie.,He suggested that lying is sometimes acceptable in politics.,"Yes, he did lie about his campaign contributions.",2,flexible,5,4,5,4,3,4,5,4,5,4,4,4,4,3,2,4,5
265,12/30/20 17:46,12/30/20 17:52,Joe Biden,Male,29,Other,Perception of political morality and humility.,,"Yes, he did lie about his campaign contributions.",3,control,3,5,5,4,4,5,4,4,3,5,5,4,3,NA,NA,3,3